Center Camera Images,Left Camera Images,Right Camera Images,Steering Angle,Throttle,Brake,Speed
training_data/IMG/center_2017_11_12_00_43_43_623.jpg,training_data/IMG/left_2017_11_12_00_43_43_623.jpg,training_data/IMG/right_2017_11_12_00_43_43_623.jpg,-0.03529412,1,0,30.19037
training_data/IMG/center_2017_11_12_00_43_43_720.jpg,training_data/IMG/left_2017_11_12_00_43_43_720.jpg,training_data/IMG/right_2017_11_12_00_43_43_720.jpg,-0.03529412,1,0,30.1903
training_data/IMG/center_2017_11_12_00_43_43_819.jpg,training_data/IMG/left_2017_11_12_00_43_43_819.jpg,training_data/IMG/right_2017_11_12_00_43_43_819.jpg,-0.01176471,1,0,30.19033
training_data/IMG/center_2017_11_12_00_43_43_919.jpg,training_data/IMG/left_2017_11_12_00_43_43_919.jpg,training_data/IMG/right_2017_11_12_00_43_43_919.jpg,-0.01176471,1,0,30.19032
training_data/IMG/center_2017_11_12_00_43_44_018.jpg,training_data/IMG/left_2017_11_12_00_43_44_018.jpg,training_data/IMG/right_2017_11_12_00_43_44_018.jpg,-0.01176471,1,0,30.19031
training_data/IMG/center_2017_11_12_00_43_44_104.jpg,training_data/IMG/left_2017_11_12_00_43_44_104.jpg,training_data/IMG/right_2017_11_12_00_43_44_104.jpg,-0.01176471,1,0,30.1903
training_data/IMG/center_2017_11_12_00_43_44_201.jpg,training_data/IMG/left_2017_11_12_00_43_44_201.jpg,training_data/IMG/right_2017_11_12_00_43_44_201.jpg,0,1,0,30.19028
training_data/IMG/center_2017_11_12_00_43_44_297.jpg,training_data/IMG/left_2017_11_12_00_43_44_297.jpg,training_data/IMG/right_2017_11_12_00_43_44_297.jpg,0,1,0,30.19027
training_data/IMG/center_2017_11_12_00_43_44_391.jpg,training_data/IMG/left_2017_11_12_00_43_44_391.jpg,training_data/IMG/right_2017_11_12_00_43_44_391.jpg,0,1,0,30.19026
training_data/IMG/center_2017_11_12_00_43_44_481.jpg,training_data/IMG/left_2017_11_12_00_43_44_481.jpg,training_data/IMG/right_2017_11_12_00_43_44_481.jpg,0,1,0,30.1903
training_data/IMG/center_2017_11_12_00_43_44_575.jpg,training_data/IMG/left_2017_11_12_00_43_44_575.jpg,training_data/IMG/right_2017_11_12_00_43_44_575.jpg,0,1,0,30.1903
training_data/IMG/center_2017_11_12_00_43_44_666.jpg,training_data/IMG/left_2017_11_12_00_43_44_666.jpg,training_data/IMG/right_2017_11_12_00_43_44_666.jpg,0,1,0,30.19036
training_data/IMG/center_2017_11_12_00_43_44_759.jpg,training_data/IMG/left_2017_11_12_00_43_44_759.jpg,training_data/IMG/right_2017_11_12_00_43_44_759.jpg,0,1,0,30.19032
training_data/IMG/center_2017_11_12_00_43_44_848.jpg,training_data/IMG/left_2017_11_12_00_43_44_848.jpg,training_data/IMG/right_2017_11_12_00_43_44_848.jpg,0,1,0,30.19031
training_data/IMG/center_2017_11_12_00_43_44_936.jpg,training_data/IMG/left_2017_11_12_00_43_44_936.jpg,training_data/IMG/right_2017_11_12_00_43_44_936.jpg,0,1,0,30.19031
training_data/IMG/center_2017_11_12_00_43_45_027.jpg,training_data/IMG/left_2017_11_12_00_43_45_027.jpg,training_data/IMG/right_2017_11_12_00_43_45_027.jpg,0,1,0,30.19028
training_data/IMG/center_2017_11_12_00_43_45_118.jpg,training_data/IMG/left_2017_11_12_00_43_45_118.jpg,training_data/IMG/right_2017_11_12_00_43_45_118.jpg,0,1,0,30.19028
training_data/IMG/center_2017_11_12_00_43_45_205.jpg,training_data/IMG/left_2017_11_12_00_43_45_205.jpg,training_data/IMG/right_2017_11_12_00_43_45_205.jpg,0,1,0,30.19031
training_data/IMG/center_2017_11_12_00_43_45_297.jpg,training_data/IMG/left_2017_11_12_00_43_45_297.jpg,training_data/IMG/right_2017_11_12_00_43_45_297.jpg,0,1,0,30.19029
training_data/IMG/center_2017_11_12_00_43_45_385.jpg,training_data/IMG/left_2017_11_12_00_43_45_385.jpg,training_data/IMG/right_2017_11_12_00_43_45_385.jpg,0,1,0,30.19029
training_data/IMG/center_2017_11_12_00_43_45_468.jpg,training_data/IMG/left_2017_11_12_00_43_45_468.jpg,training_data/IMG/right_2017_11_12_00_43_45_468.jpg,0,1,0,30.19029
training_data/IMG/center_2017_11_12_00_43_45_549.jpg,training_data/IMG/left_2017_11_12_00_43_45_549.jpg,training_data/IMG/right_2017_11_12_00_43_45_549.jpg,0,1,0,30.1903
training_data/IMG/center_2017_11_12_00_43_45_638.jpg,training_data/IMG/left_2017_11_12_00_43_45_638.jpg,training_data/IMG/right_2017_11_12_00_43_45_638.jpg,0,1,0,30.19029
training_data/IMG/center_2017_11_12_00_43_45_727.jpg,training_data/IMG/left_2017_11_12_00_43_45_727.jpg,training_data/IMG/right_2017_11_12_00_43_45_727.jpg,0,1,0,30.19032
training_data/IMG/center_2017_11_12_00_43_45_814.jpg,training_data/IMG/left_2017_11_12_00_43_45_814.jpg,training_data/IMG/right_2017_11_12_00_43_45_814.jpg,0,1,0,30.19025
training_data/IMG/center_2017_11_12_00_43_45_908.jpg,training_data/IMG/left_2017_11_12_00_43_45_908.jpg,training_data/IMG/right_2017_11_12_00_43_45_908.jpg,0,1,0,30.19029
training_data/IMG/center_2017_11_12_00_43_45_991.jpg,training_data/IMG/left_2017_11_12_00_43_45_991.jpg,training_data/IMG/right_2017_11_12_00_43_45_991.jpg,0,1,0,30.19033
training_data/IMG/center_2017_11_12_00_43_46_076.jpg,training_data/IMG/left_2017_11_12_00_43_46_076.jpg,training_data/IMG/right_2017_11_12_00_43_46_076.jpg,0,1,0,30.19029
training_data/IMG/center_2017_11_12_00_43_46_153.jpg,training_data/IMG/left_2017_11_12_00_43_46_153.jpg,training_data/IMG/right_2017_11_12_00_43_46_153.jpg,0,1,0,30.1903
training_data/IMG/center_2017_11_12_00_43_46_223.jpg,training_data/IMG/left_2017_11_12_00_43_46_223.jpg,training_data/IMG/right_2017_11_12_00_43_46_223.jpg,0,1,0,30.1903
training_data/IMG/center_2017_11_20_16_52_53_277.jpg,training_data/IMG/left_2017_11_20_16_52_53_277.jpg,training_data/IMG/right_2017_11_20_16_52_53_277.jpg,0,1,0,30.19006
training_data/IMG/center_2017_11_20_16_52_53_378.jpg,training_data/IMG/left_2017_11_20_16_52_53_378.jpg,training_data/IMG/right_2017_11_20_16_52_53_378.jpg,0.02941176,1,0,30.18981
training_data/IMG/center_2017_11_20_16_52_53_469.jpg,training_data/IMG/left_2017_11_20_16_52_53_469.jpg,training_data/IMG/right_2017_11_20_16_52_53_469.jpg,0.02941176,1,0,30.19012
training_data/IMG/center_2017_11_20_16_52_53_555.jpg,training_data/IMG/left_2017_11_20_16_52_53_555.jpg,training_data/IMG/right_2017_11_20_16_52_53_555.jpg,0.02941176,1,0,30.19017
training_data/IMG/center_2017_11_20_16_52_53_647.jpg,training_data/IMG/left_2017_11_20_16_52_53_647.jpg,training_data/IMG/right_2017_11_20_16_52_53_647.jpg,0.02941176,1,0,30.19023
training_data/IMG/center_2017_11_20_16_52_53_742.jpg,training_data/IMG/left_2017_11_20_16_52_53_742.jpg,training_data/IMG/right_2017_11_20_16_52_53_742.jpg,0,1,0,30.19028
training_data/IMG/center_2017_11_20_16_52_53_820.jpg,training_data/IMG/left_2017_11_20_16_52_53_820.jpg,training_data/IMG/right_2017_11_20_16_52_53_820.jpg,-0.06470589,1,0,30.18919
training_data/IMG/center_2017_11_20_16_52_53_908.jpg,training_data/IMG/left_2017_11_20_16_52_53_908.jpg,training_data/IMG/right_2017_11_20_16_52_53_908.jpg,-0.09411765,1,0,30.1887
training_data/IMG/center_2017_11_20_16_52_54_002.jpg,training_data/IMG/left_2017_11_20_16_52_54_002.jpg,training_data/IMG/right_2017_11_20_16_52_54_002.jpg,-0.09411765,1,0,30.18957
training_data/IMG/center_2017_11_20_16_52_54_097.jpg,training_data/IMG/left_2017_11_20_16_52_54_097.jpg,training_data/IMG/right_2017_11_20_16_52_54_097.jpg,-0.09411765,1,0,30.18978
training_data/IMG/center_2017_11_20_16_52_54_190.jpg,training_data/IMG/left_2017_11_20_16_52_54_190.jpg,training_data/IMG/right_2017_11_20_16_52_54_190.jpg,-0.09411765,1,0,30.18994
training_data/IMG/center_2017_11_20_16_52_54_284.jpg,training_data/IMG/left_2017_11_20_16_52_54_284.jpg,training_data/IMG/right_2017_11_20_16_52_54_284.jpg,-0.09411765,1,0,30.19003
training_data/IMG/center_2017_11_20_16_52_54_380.jpg,training_data/IMG/left_2017_11_20_16_52_54_380.jpg,training_data/IMG/right_2017_11_20_16_52_54_380.jpg,-0.09411765,1,0,30.19008
training_data/IMG/center_2017_11_20_16_52_54_479.jpg,training_data/IMG/left_2017_11_20_16_52_54_479.jpg,training_data/IMG/right_2017_11_20_16_52_54_479.jpg,-0.09411765,1,0,30.1901
training_data/IMG/center_2017_11_20_16_52_54_580.jpg,training_data/IMG/left_2017_11_20_16_52_54_580.jpg,training_data/IMG/right_2017_11_20_16_52_54_580.jpg,-0.09411765,1,0,30.19007
training_data/IMG/center_2017_11_20_16_52_54_680.jpg,training_data/IMG/left_2017_11_20_16_52_54_680.jpg,training_data/IMG/right_2017_11_20_16_52_54_680.jpg,-0.09411765,1,0,30.19017
training_data/IMG/center_2017_11_20_16_52_54_774.jpg,training_data/IMG/left_2017_11_20_16_52_54_774.jpg,training_data/IMG/right_2017_11_20_16_52_54_774.jpg,-0.07647059,1,0,30.19043
training_data/IMG/center_2017_11_20_16_52_54_865.jpg,training_data/IMG/left_2017_11_20_16_52_54_865.jpg,training_data/IMG/right_2017_11_20_16_52_54_865.jpg,-0.07647059,1,0,30.19027
training_data/IMG/center_2017_11_20_16_52_54_961.jpg,training_data/IMG/left_2017_11_20_16_52_54_961.jpg,training_data/IMG/right_2017_11_20_16_52_54_961.jpg,-0.07647059,1,0,30.19027
training_data/IMG/center_2017_11_20_16_52_55_054.jpg,training_data/IMG/left_2017_11_20_16_52_55_054.jpg,training_data/IMG/right_2017_11_20_16_52_55_054.jpg,-0.05882353,1,0,30.19041
training_data/IMG/center_2017_11_20_16_52_55_150.jpg,training_data/IMG/left_2017_11_20_16_52_55_150.jpg,training_data/IMG/right_2017_11_20_16_52_55_150.jpg,-0.05882353,1,0,30.19044
training_data/IMG/center_2017_11_20_16_52_55_241.jpg,training_data/IMG/left_2017_11_20_16_52_55_241.jpg,training_data/IMG/right_2017_11_20_16_52_55_241.jpg,-0.05882353,1,0,30.19028
training_data/IMG/center_2017_11_20_16_52_55_334.jpg,training_data/IMG/left_2017_11_20_16_52_55_334.jpg,training_data/IMG/right_2017_11_20_16_52_55_334.jpg,-0.04705882,1,0,30.19038
training_data/IMG/center_2017_11_20_16_52_55_415.jpg,training_data/IMG/left_2017_11_20_16_52_55_415.jpg,training_data/IMG/right_2017_11_20_16_52_55_415.jpg,-0.04705882,1,0,30.19034
training_data/IMG/center_2017_11_20_16_52_55_502.jpg,training_data/IMG/left_2017_11_20_16_52_55_502.jpg,training_data/IMG/right_2017_11_20_16_52_55_502.jpg,-0.01764706,1,0,30.19037
training_data/IMG/center_2017_11_20_16_52_55_587.jpg,training_data/IMG/left_2017_11_20_16_52_55_587.jpg,training_data/IMG/right_2017_11_20_16_52_55_587.jpg,-0.01176471,1,0,30.19036
training_data/IMG/center_2017_11_20_16_52_55_672.jpg,training_data/IMG/left_2017_11_20_16_52_55_672.jpg,training_data/IMG/right_2017_11_20_16_52_55_672.jpg,0.03529412,1,0,30.18957
training_data/IMG/center_2017_11_20_16_52_55_755.jpg,training_data/IMG/left_2017_11_20_16_52_55_755.jpg,training_data/IMG/right_2017_11_20_16_52_55_755.jpg,0.03529412,1,0,30.19004
training_data/IMG/center_2017_11_20_16_52_55_843.jpg,training_data/IMG/left_2017_11_20_16_52_55_843.jpg,training_data/IMG/right_2017_11_20_16_52_55_843.jpg,0.03529412,1,0,30.19016
training_data/IMG/center_2017_11_20_16_52_55_940.jpg,training_data/IMG/left_2017_11_20_16_52_55_940.jpg,training_data/IMG/right_2017_11_20_16_52_55_940.jpg,0.03529412,1,0,30.1902
training_data/IMG/center_2017_11_20_16_52_56_027.jpg,training_data/IMG/left_2017_11_20_16_52_56_027.jpg,training_data/IMG/right_2017_11_20_16_52_56_027.jpg,0.03529412,1,0,30.19022
training_data/IMG/center_2017_11_20_16_52_56_113.jpg,training_data/IMG/left_2017_11_20_16_52_56_113.jpg,training_data/IMG/right_2017_11_20_16_52_56_113.jpg,0.03529412,1,0,30.19025
training_data/IMG/center_2017_11_20_16_52_56_200.jpg,training_data/IMG/left_2017_11_20_16_52_56_200.jpg,training_data/IMG/right_2017_11_20_16_52_56_200.jpg,0.03529412,1,0,30.19024
training_data/IMG/center_2017_11_20_16_52_56_289.jpg,training_data/IMG/left_2017_11_20_16_52_56_289.jpg,training_data/IMG/right_2017_11_20_16_52_56_289.jpg,0.03529412,1,0,30.19025
training_data/IMG/center_2017_11_20_16_52_56_370.jpg,training_data/IMG/left_2017_11_20_16_52_56_370.jpg,training_data/IMG/right_2017_11_20_16_52_56_370.jpg,0.03529412,1,0,30.19027
training_data/IMG/center_2017_11_20_16_52_56_458.jpg,training_data/IMG/left_2017_11_20_16_52_56_458.jpg,training_data/IMG/right_2017_11_20_16_52_56_458.jpg,0.03529412,1,0,30.19027
training_data/IMG/center_2017_11_20_16_52_56_540.jpg,training_data/IMG/left_2017_11_20_16_52_56_540.jpg,training_data/IMG/right_2017_11_20_16_52_56_540.jpg,0.03529412,1,0,30.19029
training_data/IMG/center_2017_11_20_16_52_56_622.jpg,training_data/IMG/left_2017_11_20_16_52_56_622.jpg,training_data/IMG/right_2017_11_20_16_52_56_622.jpg,0.03529412,1,0,30.19027
training_data/IMG/center_2017_11_20_16_52_56_711.jpg,training_data/IMG/left_2017_11_20_16_52_56_711.jpg,training_data/IMG/right_2017_11_20_16_52_56_711.jpg,0.03529412,1,0,30.19027
training_data/IMG/center_2017_11_20_16_52_56_795.jpg,training_data/IMG/left_2017_11_20_16_52_56_795.jpg,training_data/IMG/right_2017_11_20_16_52_56_795.jpg,-0.01176471,1,0,30.19006
training_data/IMG/center_2017_11_20_16_52_56_884.jpg,training_data/IMG/left_2017_11_20_16_52_56_884.jpg,training_data/IMG/right_2017_11_20_16_52_56_884.jpg,-0.01176471,1,0,30.19023
training_data/IMG/center_2017_11_20_16_52_56_979.jpg,training_data/IMG/left_2017_11_20_16_52_56_979.jpg,training_data/IMG/right_2017_11_20_16_52_56_979.jpg,-0.01176471,1,0,30.19027
training_data/IMG/center_2017_11_20_16_52_57_071.jpg,training_data/IMG/left_2017_11_20_16_52_57_071.jpg,training_data/IMG/right_2017_11_20_16_52_57_071.jpg,-0.01176471,1,0,30.19029
training_data/IMG/center_2017_11_20_16_52_57_157.jpg,training_data/IMG/left_2017_11_20_16_52_57_157.jpg,training_data/IMG/right_2017_11_20_16_52_57_157.jpg,-0.01176471,1,0,30.19031
training_data/IMG/center_2017_11_20_16_52_57_236.jpg,training_data/IMG/left_2017_11_20_16_52_57_236.jpg,training_data/IMG/right_2017_11_20_16_52_57_236.jpg,-0.01176471,1,0,30.19029
training_data/IMG/center_2017_11_20_16_52_57_307.jpg,training_data/IMG/left_2017_11_20_16_52_57_307.jpg,training_data/IMG/right_2017_11_20_16_52_57_307.jpg,-0.01176471,1,0,30.1903
training_data/IMG/center_2017_11_20_16_52_57_387.jpg,training_data/IMG/left_2017_11_20_16_52_57_387.jpg,training_data/IMG/right_2017_11_20_16_52_57_387.jpg,-0.01176471,1,0,30.19029
training_data/IMG/center_2017_11_20_16_52_57_469.jpg,training_data/IMG/left_2017_11_20_16_52_57_469.jpg,training_data/IMG/right_2017_11_20_16_52_57_469.jpg,-0.01176471,1,0,30.19029
training_data/IMG/center_2017_11_20_16_52_57_545.jpg,training_data/IMG/left_2017_11_20_16_52_57_545.jpg,training_data/IMG/right_2017_11_20_16_52_57_545.jpg,-0.01176471,1,0,30.19029
training_data/IMG/center_2017_11_20_16_52_57_617.jpg,training_data/IMG/left_2017_11_20_16_52_57_617.jpg,training_data/IMG/right_2017_11_20_16_52_57_617.jpg,-0.01176471,1,0,30.19028
training_data/IMG/center_2017_11_20_16_52_57_692.jpg,training_data/IMG/left_2017_11_20_16_52_57_692.jpg,training_data/IMG/right_2017_11_20_16_52_57_692.jpg,-0.01176471,1,0,30.19031
training_data/IMG/center_2017_11_20_16_52_57_763.jpg,training_data/IMG/left_2017_11_20_16_52_57_763.jpg,training_data/IMG/right_2017_11_20_16_52_57_763.jpg,-0.01176471,1,0,30.19029
training_data/IMG/center_2017_11_20_16_52_57_862.jpg,training_data/IMG/left_2017_11_20_16_52_57_862.jpg,training_data/IMG/right_2017_11_20_16_52_57_862.jpg,-0.01176471,1,0,30.1903
training_data/IMG/center_2017_11_20_16_52_57_931.jpg,training_data/IMG/left_2017_11_20_16_52_57_931.jpg,training_data/IMG/right_2017_11_20_16_52_57_931.jpg,-0.01176471,1,0,30.1903
training_data/IMG/center_2017_11_20_16_52_58_001.jpg,training_data/IMG/left_2017_11_20_16_52_58_001.jpg,training_data/IMG/right_2017_11_20_16_52_58_001.jpg,-0.01176471,1,0,30.19028
training_data/IMG/center_2017_11_20_16_52_58_073.jpg,training_data/IMG/left_2017_11_20_16_52_58_073.jpg,training_data/IMG/right_2017_11_20_16_52_58_073.jpg,-0.01176471,1,0,30.1903
training_data/IMG/center_2017_11_20_16_52_58_175.jpg,training_data/IMG/left_2017_11_20_16_52_58_175.jpg,training_data/IMG/right_2017_11_20_16_52_58_175.jpg,-0.01176471,1,0,30.19031
training_data/IMG/center_2017_11_20_16_52_58_276.jpg,training_data/IMG/left_2017_11_20_16_52_58_276.jpg,training_data/IMG/right_2017_11_20_16_52_58_276.jpg,-0.01176471,1,0,30.19038
training_data/IMG/center_2017_11_20_16_52_58_345.jpg,training_data/IMG/left_2017_11_20_16_52_58_345.jpg,training_data/IMG/right_2017_11_20_16_52_58_345.jpg,-0.01176471,1,0,30.19028
training_data/IMG/center_2017_11_20_16_52_58_418.jpg,training_data/IMG/left_2017_11_20_16_52_58_418.jpg,training_data/IMG/right_2017_11_20_16_52_58_418.jpg,-0.01176471,1,0,30.19029
training_data/IMG/center_2017_11_20_16_52_58_486.jpg,training_data/IMG/left_2017_11_20_16_52_58_486.jpg,training_data/IMG/right_2017_11_20_16_52_58_486.jpg,0,1,0,30.19027
training_data/IMG/center_2017_11_20_16_52_58_554.jpg,training_data/IMG/left_2017_11_20_16_52_58_554.jpg,training_data/IMG/right_2017_11_20_16_52_58_554.jpg,0,1,0,30.1903
training_data/IMG/center_2017_11_20_16_52_58_624.jpg,training_data/IMG/left_2017_11_20_16_52_58_624.jpg,training_data/IMG/right_2017_11_20_16_52_58_624.jpg,0,1,0,30.19031
training_data/IMG/center_2017_11_20_16_52_58_697.jpg,training_data/IMG/left_2017_11_20_16_52_58_697.jpg,training_data/IMG/right_2017_11_20_16_52_58_697.jpg,0,1,0,30.1903
training_data/IMG/center_2017_11_20_16_52_58_764.jpg,training_data/IMG/left_2017_11_20_16_52_58_764.jpg,training_data/IMG/right_2017_11_20_16_52_58_764.jpg,0,1,0,30.19031
training_data/IMG/center_2017_11_25_01_49_31_358.jpg,training_data/IMG/left_2017_11_25_01_49_31_358.jpg,training_data/IMG/right_2017_11_25_01_49_31_358.jpg,-0.05882353,1,0,30.19049
training_data/IMG/center_2017_11_25_01_49_31_471.jpg,training_data/IMG/left_2017_11_25_01_49_31_471.jpg,training_data/IMG/right_2017_11_25_01_49_31_471.jpg,-0.04705882,1,0,30.19022
training_data/IMG/center_2017_11_25_01_49_31_568.jpg,training_data/IMG/left_2017_11_25_01_49_31_568.jpg,training_data/IMG/right_2017_11_25_01_49_31_568.jpg,-0.04705882,1,0,30.19035
training_data/IMG/center_2017_11_25_01_49_31_660.jpg,training_data/IMG/left_2017_11_25_01_49_31_660.jpg,training_data/IMG/right_2017_11_25_01_49_31_660.jpg,-0.04705882,1,0,30.19031
training_data/IMG/center_2017_11_25_01_49_31_749.jpg,training_data/IMG/left_2017_11_25_01_49_31_749.jpg,training_data/IMG/right_2017_11_25_01_49_31_749.jpg,-0.02941176,1,0,30.19041
training_data/IMG/center_2017_11_25_01_49_31_840.jpg,training_data/IMG/left_2017_11_25_01_49_31_840.jpg,training_data/IMG/right_2017_11_25_01_49_31_840.jpg,-0.02941176,1,0,30.19036
training_data/IMG/center_2017_11_25_01_49_31_924.jpg,training_data/IMG/left_2017_11_25_01_49_31_924.jpg,training_data/IMG/right_2017_11_25_01_49_31_924.jpg,-0.02941176,1,0,30.19013
training_data/IMG/center_2017_11_25_01_49_32_007.jpg,training_data/IMG/left_2017_11_25_01_49_32_007.jpg,training_data/IMG/right_2017_11_25_01_49_32_007.jpg,-0.02941176,1,0,30.1903
training_data/IMG/center_2017_11_25_01_49_32_101.jpg,training_data/IMG/left_2017_11_25_01_49_32_101.jpg,training_data/IMG/right_2017_11_25_01_49_32_101.jpg,-0.02941176,1,0,30.19036
training_data/IMG/center_2017_11_25_01_49_32_194.jpg,training_data/IMG/left_2017_11_25_01_49_32_194.jpg,training_data/IMG/right_2017_11_25_01_49_32_194.jpg,-0.02941176,1,0,30.1903
training_data/IMG/center_2017_11_25_01_49_32_293.jpg,training_data/IMG/left_2017_11_25_01_49_32_293.jpg,training_data/IMG/right_2017_11_25_01_49_32_293.jpg,-0.02941176,1,0,30.19027
training_data/IMG/center_2017_11_25_01_49_32_389.jpg,training_data/IMG/left_2017_11_25_01_49_32_389.jpg,training_data/IMG/right_2017_11_25_01_49_32_389.jpg,-0.02352941,1,0,30.19026
training_data/IMG/center_2017_11_25_01_49_32_471.jpg,training_data/IMG/left_2017_11_25_01_49_32_471.jpg,training_data/IMG/right_2017_11_25_01_49_32_471.jpg,-0.01764706,1,0,30.19031
training_data/IMG/center_2017_11_25_01_49_32_548.jpg,training_data/IMG/left_2017_11_25_01_49_32_548.jpg,training_data/IMG/right_2017_11_25_01_49_32_548.jpg,-0.01176471,1,0,30.19031
training_data/IMG/center_2017_11_25_01_49_32_631.jpg,training_data/IMG/left_2017_11_25_01_49_32_631.jpg,training_data/IMG/right_2017_11_25_01_49_32_631.jpg,-0.01176471,1,0,30.19034
training_data/IMG/center_2017_11_25_01_49_32_728.jpg,training_data/IMG/left_2017_11_25_01_49_32_728.jpg,training_data/IMG/right_2017_11_25_01_49_32_728.jpg,-0.01176471,1,0,30.19031
training_data/IMG/center_2017_11_25_01_49_32_822.jpg,training_data/IMG/left_2017_11_25_01_49_32_822.jpg,training_data/IMG/right_2017_11_25_01_49_32_822.jpg,-0.01176471,1,0,30.19032
training_data/IMG/center_2017_11_25_01_49_32_918.jpg,training_data/IMG/left_2017_11_25_01_49_32_918.jpg,training_data/IMG/right_2017_11_25_01_49_32_918.jpg,-0.01176471,1,0,30.19029
training_data/IMG/center_2017_11_25_01_49_33_027.jpg,training_data/IMG/left_2017_11_25_01_49_33_027.jpg,training_data/IMG/right_2017_11_25_01_49_33_027.jpg,-0.01176471,1,0,30.1903
training_data/IMG/center_2017_11_25_01_49_33_118.jpg,training_data/IMG/left_2017_11_25_01_49_33_118.jpg,training_data/IMG/right_2017_11_25_01_49_33_118.jpg,-0.01176471,1,0,30.19031
training_data/IMG/center_2017_11_25_01_49_33_209.jpg,training_data/IMG/left_2017_11_25_01_49_33_209.jpg,training_data/IMG/right_2017_11_25_01_49_33_209.jpg,-0.01176471,1,0,30.19031
training_data/IMG/center_2017_11_25_01_49_33_296.jpg,training_data/IMG/left_2017_11_25_01_49_33_296.jpg,training_data/IMG/right_2017_11_25_01_49_33_296.jpg,-0.01176471,1,0,30.19029
training_data/IMG/center_2017_11_25_01_49_33_385.jpg,training_data/IMG/left_2017_11_25_01_49_33_385.jpg,training_data/IMG/right_2017_11_25_01_49_33_385.jpg,-0.01176471,1,0,30.1903
training_data/IMG/center_2017_11_25_01_49_33_477.jpg,training_data/IMG/left_2017_11_25_01_49_33_477.jpg,training_data/IMG/right_2017_11_25_01_49_33_477.jpg,-0.01176471,1,0,30.1903
training_data/IMG/center_2017_11_25_01_49_33_574.jpg,training_data/IMG/left_2017_11_25_01_49_33_574.jpg,training_data/IMG/right_2017_11_25_01_49_33_574.jpg,-0.01176471,1,0,30.1903
training_data/IMG/center_2017_11_25_01_49_33_661.jpg,training_data/IMG/left_2017_11_25_01_49_33_661.jpg,training_data/IMG/right_2017_11_25_01_49_33_661.jpg,-0.01176471,1,0,30.19032
training_data/IMG/center_2017_11_25_01_49_33_762.jpg,training_data/IMG/left_2017_11_25_01_49_33_762.jpg,training_data/IMG/right_2017_11_25_01_49_33_762.jpg,-0.01176471,1,0,30.19029
training_data/IMG/center_2017_11_25_01_49_33_855.jpg,training_data/IMG/left_2017_11_25_01_49_33_855.jpg,training_data/IMG/right_2017_11_25_01_49_33_855.jpg,-0.01176471,1,0,30.1903
training_data/IMG/center_2017_11_25_01_49_33_945.jpg,training_data/IMG/left_2017_11_25_01_49_33_945.jpg,training_data/IMG/right_2017_11_25_01_49_33_945.jpg,-0.01176471,1,0,30.1903
training_data/IMG/center_2017_11_25_01_49_34_035.jpg,training_data/IMG/left_2017_11_25_01_49_34_035.jpg,training_data/IMG/right_2017_11_25_01_49_34_035.jpg,-0.01176471,1,0,30.1903
training_data/IMG/center_2017_11_25_01_49_34_125.jpg,training_data/IMG/left_2017_11_25_01_49_34_125.jpg,training_data/IMG/right_2017_11_25_01_49_34_125.jpg,-0.01176471,1,0,30.19032
training_data/IMG/center_2017_11_25_01_49_34_212.jpg,training_data/IMG/left_2017_11_25_01_49_34_212.jpg,training_data/IMG/right_2017_11_25_01_49_34_212.jpg,-0.01176471,1,0,30.19029
training_data/IMG/center_2017_11_25_01_49_34_310.jpg,training_data/IMG/left_2017_11_25_01_49_34_310.jpg,training_data/IMG/right_2017_11_25_01_49_34_310.jpg,-0.01176471,1,0,30.19029
training_data/IMG/center_2017_11_25_01_49_34_404.jpg,training_data/IMG/left_2017_11_25_01_49_34_404.jpg,training_data/IMG/right_2017_11_25_01_49_34_404.jpg,-0.01176471,1,0,30.19032
training_data/IMG/center_2017_11_25_01_49_34_506.jpg,training_data/IMG/left_2017_11_25_01_49_34_506.jpg,training_data/IMG/right_2017_11_25_01_49_34_506.jpg,-0.01176471,1,0,30.1903
training_data/IMG/center_2017_11_25_01_49_34_595.jpg,training_data/IMG/left_2017_11_25_01_49_34_595.jpg,training_data/IMG/right_2017_11_25_01_49_34_595.jpg,-0.01176471,1,0,30.19031
training_data/IMG/center_2017_11_25_01_49_34_683.jpg,training_data/IMG/left_2017_11_25_01_49_34_683.jpg,training_data/IMG/right_2017_11_25_01_49_34_683.jpg,-0.01176471,1,0,30.19031
training_data/IMG/center_2017_11_25_01_49_34_761.jpg,training_data/IMG/left_2017_11_25_01_49_34_761.jpg,training_data/IMG/right_2017_11_25_01_49_34_761.jpg,-0.01176471,1,0,30.1903
training_data/IMG/center_2017_11_25_01_49_34_839.jpg,training_data/IMG/left_2017_11_25_01_49_34_839.jpg,training_data/IMG/right_2017_11_25_01_49_34_839.jpg,-0.01176471,1,0,30.19028
training_data/IMG/center_2017_11_25_01_49_34_911.jpg,training_data/IMG/left_2017_11_25_01_49_34_911.jpg,training_data/IMG/right_2017_11_25_01_49_34_911.jpg,-0.01176471,1,0,30.19028
training_data/IMG/center_2017_11_25_01_49_34_993.jpg,training_data/IMG/left_2017_11_25_01_49_34_993.jpg,training_data/IMG/right_2017_11_25_01_49_34_993.jpg,-0.01176471,1,0,30.19031
training_data/IMG/center_2017_11_25_01_49_35_080.jpg,training_data/IMG/left_2017_11_25_01_49_35_080.jpg,training_data/IMG/right_2017_11_25_01_49_35_080.jpg,-0.01176471,1,0,30.19028
training_data/IMG/center_2017_11_25_01_49_35_169.jpg,training_data/IMG/left_2017_11_25_01_49_35_169.jpg,training_data/IMG/right_2017_11_25_01_49_35_169.jpg,-0.01176471,1,0,30.19031
training_data/IMG/center_2017_11_25_01_49_35_247.jpg,training_data/IMG/left_2017_11_25_01_49_35_247.jpg,training_data/IMG/right_2017_11_25_01_49_35_247.jpg,-0.01176471,1,0,30.19029
training_data/IMG/center_2017_11_25_01_49_35_316.jpg,training_data/IMG/left_2017_11_25_01_49_35_316.jpg,training_data/IMG/right_2017_11_25_01_49_35_316.jpg,-0.01176471,1,0,30.19028
training_data/IMG/center_2017_11_25_01_49_35_389.jpg,training_data/IMG/left_2017_11_25_01_49_35_389.jpg,training_data/IMG/right_2017_11_25_01_49_35_389.jpg,-0.01176471,1,0,30.19028
training_data/IMG/center_2017_11_25_01_49_35_486.jpg,training_data/IMG/left_2017_11_25_01_49_35_486.jpg,training_data/IMG/right_2017_11_25_01_49_35_486.jpg,0,1,0,30.19029
training_data/IMG/center_2017_11_25_01_49_35_562.jpg,training_data/IMG/left_2017_11_25_01_49_35_562.jpg,training_data/IMG/right_2017_11_25_01_49_35_562.jpg,0.005882353,1,0,30.19031
training_data/IMG/center_2017_11_25_01_49_35_664.jpg,training_data/IMG/left_2017_11_25_01_49_35_664.jpg,training_data/IMG/right_2017_11_25_01_49_35_664.jpg,0.005882353,1,0,30.1903
training_data/IMG/center_2017_11_25_01_49_35_748.jpg,training_data/IMG/left_2017_11_25_01_49_35_748.jpg,training_data/IMG/right_2017_11_25_01_49_35_748.jpg,0.005882353,1,0,30.1903
training_data/IMG/center_2017_11_25_01_49_35_831.jpg,training_data/IMG/left_2017_11_25_01_49_35_831.jpg,training_data/IMG/right_2017_11_25_01_49_35_831.jpg,0.005882353,1,0,30.19028
training_data/IMG/center_2017_11_25_01_49_35_922.jpg,training_data/IMG/left_2017_11_25_01_49_35_922.jpg,training_data/IMG/right_2017_11_25_01_49_35_922.jpg,0.005882353,1,0,30.19031
training_data/IMG/center_2017_11_25_01_49_35_998.jpg,training_data/IMG/left_2017_11_25_01_49_35_998.jpg,training_data/IMG/right_2017_11_25_01_49_35_998.jpg,0.005882353,1,0,30.19029
training_data/IMG/center_2017_11_25_01_49_36_069.jpg,training_data/IMG/left_2017_11_25_01_49_36_069.jpg,training_data/IMG/right_2017_11_25_01_49_36_069.jpg,0.005882353,1,0,30.19029
training_data/IMG/center_2017_11_25_01_49_36_138.jpg,training_data/IMG/left_2017_11_25_01_49_36_138.jpg,training_data/IMG/right_2017_11_25_01_49_36_138.jpg,0.005882353,1,0,30.19033
training_data/IMG/center_2017_11_25_01_49_36_208.jpg,training_data/IMG/left_2017_11_25_01_49_36_208.jpg,training_data/IMG/right_2017_11_25_01_49_36_208.jpg,0.01176471,1,0,30.19028
training_data/IMG/center_2017_11_25_01_49_36_303.jpg,training_data/IMG/left_2017_11_25_01_49_36_303.jpg,training_data/IMG/right_2017_11_25_01_49_36_303.jpg,0.02352941,1,0,30.1902
training_data/IMG/center_2017_11_25_01_49_36_377.jpg,training_data/IMG/left_2017_11_25_01_49_36_377.jpg,training_data/IMG/right_2017_11_25_01_49_36_377.jpg,0.02352941,1,0,30.19023
training_data/IMG/center_2017_11_25_01_49_36_450.jpg,training_data/IMG/left_2017_11_25_01_49_36_450.jpg,training_data/IMG/right_2017_11_25_01_49_36_450.jpg,0.02352941,1,0,30.19027
training_data/IMG/center_2017_11_25_01_49_36_521.jpg,training_data/IMG/left_2017_11_25_01_49_36_521.jpg,training_data/IMG/right_2017_11_25_01_49_36_521.jpg,0.02352941,1,0,30.19027
training_data/IMG/center_2017_11_25_01_49_36_622.jpg,training_data/IMG/left_2017_11_25_01_49_36_622.jpg,training_data/IMG/right_2017_11_25_01_49_36_622.jpg,0.02352941,1,0,30.19029
training_data/IMG/center_2017_11_25_07_14_00_192.jpg,training_data/IMG/left_2017_11_25_07_14_00_192.jpg,training_data/IMG/right_2017_11_25_07_14_00_192.jpg,-0.02941176,1,0,30.1905
training_data/IMG/center_2017_11_25_07_14_00_284.jpg,training_data/IMG/left_2017_11_25_07_14_00_284.jpg,training_data/IMG/right_2017_11_25_07_14_00_284.jpg,0.01176471,1,0,30.19014
training_data/IMG/center_2017_11_25_07_14_00_372.jpg,training_data/IMG/left_2017_11_25_07_14_00_372.jpg,training_data/IMG/right_2017_11_25_07_14_00_372.jpg,0.02352941,1,0,30.1901
training_data/IMG/center_2017_11_25_07_14_00_466.jpg,training_data/IMG/left_2017_11_25_07_14_00_466.jpg,training_data/IMG/right_2017_11_25_07_14_00_466.jpg,0.02352941,1,0,30.19021
training_data/IMG/center_2017_11_25_07_14_00_580.jpg,training_data/IMG/left_2017_11_25_07_14_00_580.jpg,training_data/IMG/right_2017_11_25_07_14_00_580.jpg,0.02352941,1,0,30.19023
training_data/IMG/center_2017_11_25_07_14_00_684.jpg,training_data/IMG/left_2017_11_25_07_14_00_684.jpg,training_data/IMG/right_2017_11_25_07_14_00_684.jpg,0.01764706,1,0,30.1903
training_data/IMG/center_2017_11_25_07_14_00_783.jpg,training_data/IMG/left_2017_11_25_07_14_00_783.jpg,training_data/IMG/right_2017_11_25_07_14_00_783.jpg,-0.04117647,1,0,30.18982
training_data/IMG/center_2017_11_25_07_14_00_880.jpg,training_data/IMG/left_2017_11_25_07_14_00_880.jpg,training_data/IMG/right_2017_11_25_07_14_00_880.jpg,-0.04117647,1,0,30.19004
training_data/IMG/center_2017_11_25_07_14_00_975.jpg,training_data/IMG/left_2017_11_25_07_14_00_975.jpg,training_data/IMG/right_2017_11_25_07_14_00_975.jpg,-0.04117647,1,0,30.19013
training_data/IMG/center_2017_11_25_07_14_01_070.jpg,training_data/IMG/left_2017_11_25_07_14_01_070.jpg,training_data/IMG/right_2017_11_25_07_14_01_070.jpg,-0.04117647,1,0,30.19019
training_data/IMG/center_2017_11_25_07_14_01_164.jpg,training_data/IMG/left_2017_11_25_07_14_01_164.jpg,training_data/IMG/right_2017_11_25_07_14_01_164.jpg,-0.04705882,1,0,30.19017
training_data/IMG/center_2017_11_25_07_14_01_265.jpg,training_data/IMG/left_2017_11_25_07_14_01_265.jpg,training_data/IMG/right_2017_11_25_07_14_01_265.jpg,-0.05294118,1,0,30.19018
training_data/IMG/center_2017_11_25_07_14_01_363.jpg,training_data/IMG/left_2017_11_25_07_14_01_363.jpg,training_data/IMG/right_2017_11_25_07_14_01_363.jpg,-0.08823529,1,0,30.1896
training_data/IMG/center_2017_11_25_07_14_01_463.jpg,training_data/IMG/left_2017_11_25_07_14_01_463.jpg,training_data/IMG/right_2017_11_25_07_14_01_463.jpg,-0.08823529,1,0,30.18986
training_data/IMG/center_2017_11_25_07_14_01_548.jpg,training_data/IMG/left_2017_11_25_07_14_01_548.jpg,training_data/IMG/right_2017_11_25_07_14_01_548.jpg,-0.08823529,1,0,30.18998
training_data/IMG/center_2017_11_25_07_14_01_641.jpg,training_data/IMG/left_2017_11_25_07_14_01_641.jpg,training_data/IMG/right_2017_11_25_07_14_01_641.jpg,-0.08823529,1,0,30.19004
training_data/IMG/center_2017_11_25_07_14_01_708.jpg,training_data/IMG/left_2017_11_25_07_14_01_708.jpg,training_data/IMG/right_2017_11_25_07_14_01_708.jpg,-0.08823529,1,0,30.19009
training_data/IMG/center_2017_11_25_07_14_01_806.jpg,training_data/IMG/left_2017_11_25_07_14_01_806.jpg,training_data/IMG/right_2017_11_25_07_14_01_806.jpg,-0.01176471,1,0,30.19035
training_data/IMG/center_2017_11_25_07_14_01_898.jpg,training_data/IMG/left_2017_11_25_07_14_01_898.jpg,training_data/IMG/right_2017_11_25_07_14_01_898.jpg,-0.01176471,1,0,30.19034
training_data/IMG/center_2017_11_25_07_14_01_995.jpg,training_data/IMG/left_2017_11_25_07_14_01_995.jpg,training_data/IMG/right_2017_11_25_07_14_01_995.jpg,-0.01176471,1,0,30.19036
training_data/IMG/center_2017_11_25_07_14_02_105.jpg,training_data/IMG/left_2017_11_25_07_14_02_105.jpg,training_data/IMG/right_2017_11_25_07_14_02_105.jpg,-0.01176471,1,0,30.19032
training_data/IMG/center_2017_11_25_07_14_02_213.jpg,training_data/IMG/left_2017_11_25_07_14_02_213.jpg,training_data/IMG/right_2017_11_25_07_14_02_213.jpg,-0.02352941,1,0,30.19024
training_data/IMG/center_2017_11_25_07_14_02_313.jpg,training_data/IMG/left_2017_11_25_07_14_02_313.jpg,training_data/IMG/right_2017_11_25_07_14_02_313.jpg,-0.02941176,1,0,30.19026
training_data/IMG/center_2017_11_25_07_14_02_409.jpg,training_data/IMG/left_2017_11_25_07_14_02_409.jpg,training_data/IMG/right_2017_11_25_07_14_02_409.jpg,-0.04117647,1,0,30.19017
training_data/IMG/center_2017_11_25_07_14_02_502.jpg,training_data/IMG/left_2017_11_25_07_14_02_502.jpg,training_data/IMG/right_2017_11_25_07_14_02_502.jpg,-0.04117647,1,0,30.1902
training_data/IMG/center_2017_11_25_07_14_02_580.jpg,training_data/IMG/left_2017_11_25_07_14_02_580.jpg,training_data/IMG/right_2017_11_25_07_14_02_580.jpg,-0.04117647,1,0,30.19022
training_data/IMG/center_2017_11_25_07_14_02_655.jpg,training_data/IMG/left_2017_11_25_07_14_02_655.jpg,training_data/IMG/right_2017_11_25_07_14_02_655.jpg,-0.05882353,1,0,30.19003
training_data/IMG/center_2017_11_25_07_14_02_734.jpg,training_data/IMG/left_2017_11_25_07_14_02_734.jpg,training_data/IMG/right_2017_11_25_07_14_02_734.jpg,-0.07058824,1,0,30.18989
training_data/IMG/center_2017_11_25_07_14_02_823.jpg,training_data/IMG/left_2017_11_25_07_14_02_823.jpg,training_data/IMG/right_2017_11_25_07_14_02_823.jpg,-0.07058824,1,0,30.19007
training_data/IMG/center_2017_11_25_07_14_02_924.jpg,training_data/IMG/left_2017_11_25_07_14_02_924.jpg,training_data/IMG/right_2017_11_25_07_14_02_924.jpg,-0.07058824,1,0,30.19013
training_data/IMG/center_2017_11_25_07_14_03_016.jpg,training_data/IMG/left_2017_11_25_07_14_03_016.jpg,training_data/IMG/right_2017_11_25_07_14_03_016.jpg,-0.07058824,1,0,30.19015
training_data/IMG/center_2017_11_25_07_14_03_121.jpg,training_data/IMG/left_2017_11_25_07_14_03_121.jpg,training_data/IMG/right_2017_11_25_07_14_03_121.jpg,-0.07058824,1,0,30.19016
training_data/IMG/center_2017_11_25_07_14_03_208.jpg,training_data/IMG/left_2017_11_25_07_14_03_208.jpg,training_data/IMG/right_2017_11_25_07_14_03_208.jpg,-0.07058824,1,0,30.19017
training_data/IMG/center_2017_11_25_07_14_03_297.jpg,training_data/IMG/left_2017_11_25_07_14_03_297.jpg,training_data/IMG/right_2017_11_25_07_14_03_297.jpg,-0.05294118,1,0,30.19042
training_data/IMG/center_2017_11_25_07_14_03_400.jpg,training_data/IMG/left_2017_11_25_07_14_03_400.jpg,training_data/IMG/right_2017_11_25_07_14_03_400.jpg,-0.02941176,1,0,30.19049
training_data/IMG/center_2017_11_25_07_14_03_491.jpg,training_data/IMG/left_2017_11_25_07_14_03_491.jpg,training_data/IMG/right_2017_11_25_07_14_03_491.jpg,-0.02352941,1,0,30.19038
training_data/IMG/center_2017_11_25_07_14_03_578.jpg,training_data/IMG/left_2017_11_25_07_14_03_578.jpg,training_data/IMG/right_2017_11_25_07_14_03_578.jpg,-0.02352941,1,0,30.19034
training_data/IMG/center_2017_11_25_07_14_03_655.jpg,training_data/IMG/left_2017_11_25_07_14_03_655.jpg,training_data/IMG/right_2017_11_25_07_14_03_655.jpg,-0.01176471,1,0,30.19031
training_data/IMG/center_2017_11_25_07_14_03_729.jpg,training_data/IMG/left_2017_11_25_07_14_03_729.jpg,training_data/IMG/right_2017_11_25_07_14_03_729.jpg,0,1,0,30.19032
training_data/IMG/center_2017_11_25_07_14_03_818.jpg,training_data/IMG/left_2017_11_25_07_14_03_818.jpg,training_data/IMG/right_2017_11_25_07_14_03_818.jpg,0,1,0,30.19028
training_data/IMG/center_2017_11_25_07_14_03_900.jpg,training_data/IMG/left_2017_11_25_07_14_03_900.jpg,training_data/IMG/right_2017_11_25_07_14_03_900.jpg,0,1,0,30.1903
training_data/IMG/center_2017_11_25_07_14_03_985.jpg,training_data/IMG/left_2017_11_25_07_14_03_985.jpg,training_data/IMG/right_2017_11_25_07_14_03_985.jpg,0,1,0,30.1903
training_data/IMG/center_2017_11_25_07_14_04_069.jpg,training_data/IMG/left_2017_11_25_07_14_04_069.jpg,training_data/IMG/right_2017_11_25_07_14_04_069.jpg,0,1,0,30.1903
training_data/IMG/center_2017_11_25_07_14_04_161.jpg,training_data/IMG/left_2017_11_25_07_14_04_161.jpg,training_data/IMG/right_2017_11_25_07_14_04_161.jpg,0,1,0,30.19033
training_data/IMG/center_2017_11_25_07_14_04_258.jpg,training_data/IMG/left_2017_11_25_07_14_04_258.jpg,training_data/IMG/right_2017_11_25_07_14_04_258.jpg,0,1,0,30.19031
training_data/IMG/center_2017_11_25_07_14_04_348.jpg,training_data/IMG/left_2017_11_25_07_14_04_348.jpg,training_data/IMG/right_2017_11_25_07_14_04_348.jpg,0,1,0,30.19029
training_data/IMG/center_2017_11_25_07_14_04_441.jpg,training_data/IMG/left_2017_11_25_07_14_04_441.jpg,training_data/IMG/right_2017_11_25_07_14_04_441.jpg,0,1,0,30.19031
training_data/IMG/center_2017_11_25_07_14_04_522.jpg,training_data/IMG/left_2017_11_25_07_14_04_522.jpg,training_data/IMG/right_2017_11_25_07_14_04_522.jpg,0,1,0,30.19023
training_data/IMG/center_2017_11_25_07_15_24_417.jpg,training_data/IMG/left_2017_11_25_07_15_24_417.jpg,training_data/IMG/right_2017_11_25_07_15_24_417.jpg,-0.04705882,1,0,30.19056
training_data/IMG/center_2017_11_25_07_15_24_527.jpg,training_data/IMG/left_2017_11_25_07_15_24_527.jpg,training_data/IMG/right_2017_11_25_07_15_24_527.jpg,-0.04117647,1,0,30.19046
training_data/IMG/center_2017_11_25_07_15_24_634.jpg,training_data/IMG/left_2017_11_25_07_15_24_634.jpg,training_data/IMG/right_2017_11_25_07_15_24_634.jpg,-0.02941176,1,0,30.1904
training_data/IMG/center_2017_11_25_07_15_24_744.jpg,training_data/IMG/left_2017_11_25_07_15_24_744.jpg,training_data/IMG/right_2017_11_25_07_15_24_744.jpg,-0.02941176,1,0,30.19012
training_data/IMG/center_2017_11_25_07_15_24_847.jpg,training_data/IMG/left_2017_11_25_07_15_24_847.jpg,training_data/IMG/right_2017_11_25_07_15_24_847.jpg,-0.02941176,1,0,30.1903
training_data/IMG/center_2017_11_25_07_15_24_945.jpg,training_data/IMG/left_2017_11_25_07_15_24_945.jpg,training_data/IMG/right_2017_11_25_07_15_24_945.jpg,-0.04117647,1,0,30.19012
training_data/IMG/center_2017_11_25_07_15_25_026.jpg,training_data/IMG/left_2017_11_25_07_15_25_026.jpg,training_data/IMG/right_2017_11_25_07_15_25_026.jpg,-0.04117647,1,0,30.19022
training_data/IMG/center_2017_11_25_07_15_25_110.jpg,training_data/IMG/left_2017_11_25_07_15_25_110.jpg,training_data/IMG/right_2017_11_25_07_15_25_110.jpg,-0.04705882,1,0,30.19016
training_data/IMG/center_2017_11_25_07_15_25_189.jpg,training_data/IMG/left_2017_11_25_07_15_25_189.jpg,training_data/IMG/right_2017_11_25_07_15_25_189.jpg,-0.04705882,1,0,30.1902
training_data/IMG/center_2017_11_25_07_15_25_265.jpg,training_data/IMG/left_2017_11_25_07_15_25_265.jpg,training_data/IMG/right_2017_11_25_07_15_25_265.jpg,-0.04705882,1,0,30.19022
training_data/IMG/center_2017_11_25_07_15_25_341.jpg,training_data/IMG/left_2017_11_25_07_15_25_341.jpg,training_data/IMG/right_2017_11_25_07_15_25_341.jpg,-0.04705882,1,0,30.19024
training_data/IMG/center_2017_11_25_07_15_25_431.jpg,training_data/IMG/left_2017_11_25_07_15_25_431.jpg,training_data/IMG/right_2017_11_25_07_15_25_431.jpg,-0.05882353,1,0,30.19005
training_data/IMG/center_2017_11_25_07_15_25_532.jpg,training_data/IMG/left_2017_11_25_07_15_25_532.jpg,training_data/IMG/right_2017_11_25_07_15_25_532.jpg,-0.06470589,1,0,30.19007
training_data/IMG/center_2017_11_25_07_15_25_631.jpg,training_data/IMG/left_2017_11_25_07_15_25_631.jpg,training_data/IMG/right_2017_11_25_07_15_25_631.jpg,-0.07058824,1,0,30.19004
training_data/IMG/center_2017_11_25_07_15_25_729.jpg,training_data/IMG/left_2017_11_25_07_15_25_729.jpg,training_data/IMG/right_2017_11_25_07_15_25_729.jpg,-0.07058824,1,0,30.19011
training_data/IMG/center_2017_11_25_07_15_25_830.jpg,training_data/IMG/left_2017_11_25_07_15_25_830.jpg,training_data/IMG/right_2017_11_25_07_15_25_830.jpg,-0.07058824,1,0,30.19016
training_data/IMG/center_2017_11_25_07_15_25_916.jpg,training_data/IMG/left_2017_11_25_07_15_25_916.jpg,training_data/IMG/right_2017_11_25_07_15_25_916.jpg,-0.06470589,1,0,30.19028
training_data/IMG/center_2017_11_25_07_15_25_998.jpg,training_data/IMG/left_2017_11_25_07_15_25_998.jpg,training_data/IMG/right_2017_11_25_07_15_25_998.jpg,-0.06470589,1,0,30.19027
training_data/IMG/center_2017_11_25_07_15_26_084.jpg,training_data/IMG/left_2017_11_25_07_15_26_084.jpg,training_data/IMG/right_2017_11_25_07_15_26_084.jpg,-0.06470589,1,0,30.19021
training_data/IMG/center_2017_11_25_07_15_26_171.jpg,training_data/IMG/left_2017_11_25_07_15_26_171.jpg,training_data/IMG/right_2017_11_25_07_15_26_171.jpg,-0.06470589,1,0,30.19022
training_data/IMG/center_2017_11_25_07_15_26_270.jpg,training_data/IMG/left_2017_11_25_07_15_26_270.jpg,training_data/IMG/right_2017_11_25_07_15_26_270.jpg,-0.04705882,1,0,30.19038
training_data/IMG/center_2017_11_25_07_15_26_367.jpg,training_data/IMG/left_2017_11_25_07_15_26_367.jpg,training_data/IMG/right_2017_11_25_07_15_26_367.jpg,-0.04705882,1,0,30.19033
training_data/IMG/center_2017_11_25_07_15_26_466.jpg,training_data/IMG/left_2017_11_25_07_15_26_466.jpg,training_data/IMG/right_2017_11_25_07_15_26_466.jpg,-0.04705882,1,0,30.19027
training_data/IMG/center_2017_11_25_07_15_26_558.jpg,training_data/IMG/left_2017_11_25_07_15_26_558.jpg,training_data/IMG/right_2017_11_25_07_15_26_558.jpg,-0.04117647,1,0,30.19032
training_data/IMG/center_2017_11_25_07_15_26_641.jpg,training_data/IMG/left_2017_11_25_07_15_26_641.jpg,training_data/IMG/right_2017_11_25_07_15_26_641.jpg,-0.04117647,1,0,30.19029
training_data/IMG/center_2017_11_25_07_15_26_737.jpg,training_data/IMG/left_2017_11_25_07_15_26_737.jpg,training_data/IMG/right_2017_11_25_07_15_26_737.jpg,-0.04117647,1,0,30.19028
training_data/IMG/center_2017_11_25_07_15_26_823.jpg,training_data/IMG/left_2017_11_25_07_15_26_823.jpg,training_data/IMG/right_2017_11_25_07_15_26_823.jpg,-0.04117647,1,0,30.19022
training_data/IMG/center_2017_11_25_07_15_26_908.jpg,training_data/IMG/left_2017_11_25_07_15_26_908.jpg,training_data/IMG/right_2017_11_25_07_15_26_908.jpg,-0.04117647,1,0,30.19028
training_data/IMG/center_2017_11_25_07_15_26_989.jpg,training_data/IMG/left_2017_11_25_07_15_26_989.jpg,training_data/IMG/right_2017_11_25_07_15_26_989.jpg,-0.04117647,1,0,30.19027
training_data/IMG/center_2017_11_25_07_15_27_072.jpg,training_data/IMG/left_2017_11_25_07_15_27_072.jpg,training_data/IMG/right_2017_11_25_07_15_27_072.jpg,-0.04117647,1,0,30.19025
training_data/IMG/center_2017_11_25_07_15_27_151.jpg,training_data/IMG/left_2017_11_25_07_15_27_151.jpg,training_data/IMG/right_2017_11_25_07_15_27_151.jpg,-0.04117647,1,0,30.19026
training_data/IMG/center_2017_11_25_07_15_27_254.jpg,training_data/IMG/left_2017_11_25_07_15_27_254.jpg,training_data/IMG/right_2017_11_25_07_15_27_254.jpg,-0.04117647,1,0,30.19025
training_data/IMG/center_2017_11_25_07_15_27_348.jpg,training_data/IMG/left_2017_11_25_07_15_27_348.jpg,training_data/IMG/right_2017_11_25_07_15_27_348.jpg,-0.03529412,1,0,30.19021
training_data/IMG/center_2017_11_25_07_15_27_440.jpg,training_data/IMG/left_2017_11_25_07_15_27_440.jpg,training_data/IMG/right_2017_11_25_07_15_27_440.jpg,-0.02352941,1,0,30.19036
training_data/IMG/center_2017_11_25_07_15_27_534.jpg,training_data/IMG/left_2017_11_25_07_15_27_534.jpg,training_data/IMG/right_2017_11_25_07_15_27_534.jpg,-0.01176471,1,0,30.19035
training_data/IMG/center_2017_11_25_07_15_27_636.jpg,training_data/IMG/left_2017_11_25_07_15_27_636.jpg,training_data/IMG/right_2017_11_25_07_15_27_636.jpg,-0.01176471,1,0,30.19033
training_data/IMG/center_2017_11_25_07_15_27_734.jpg,training_data/IMG/left_2017_11_25_07_15_27_734.jpg,training_data/IMG/right_2017_11_25_07_15_27_734.jpg,0,1,0,30.19027
training_data/IMG/center_2017_11_25_07_15_27_827.jpg,training_data/IMG/left_2017_11_25_07_15_27_827.jpg,training_data/IMG/right_2017_11_25_07_15_27_827.jpg,0,1,0,30.1903
training_data/IMG/center_2017_11_25_07_15_27_917.jpg,training_data/IMG/left_2017_11_25_07_15_27_917.jpg,training_data/IMG/right_2017_11_25_07_15_27_917.jpg,0,1,0,30.1903
training_data/IMG/center_2017_11_25_07_15_28_010.jpg,training_data/IMG/left_2017_11_25_07_15_28_010.jpg,training_data/IMG/right_2017_11_25_07_15_28_010.jpg,0,1,0,30.19032
training_data/IMG/center_2017_11_25_07_16_48_629.jpg,training_data/IMG/left_2017_11_25_07_16_48_629.jpg,training_data/IMG/right_2017_11_25_07_16_48_629.jpg,-0.04117647,1,0,30.19066
training_data/IMG/center_2017_11_25_07_16_48_707.jpg,training_data/IMG/left_2017_11_25_07_16_48_707.jpg,training_data/IMG/right_2017_11_25_07_16_48_707.jpg,-0.04117647,1,0,30.19054
training_data/IMG/center_2017_11_25_07_16_48_805.jpg,training_data/IMG/left_2017_11_25_07_16_48_805.jpg,training_data/IMG/right_2017_11_25_07_16_48_805.jpg,-0.04117647,1,0,30.19041
training_data/IMG/center_2017_11_25_07_16_48_904.jpg,training_data/IMG/left_2017_11_25_07_16_48_904.jpg,training_data/IMG/right_2017_11_25_07_16_48_904.jpg,-0.04117647,1,0,30.19032
training_data/IMG/center_2017_11_25_07_16_48_993.jpg,training_data/IMG/left_2017_11_25_07_16_48_993.jpg,training_data/IMG/right_2017_11_25_07_16_48_993.jpg,-0.04117647,1,0,30.19033
training_data/IMG/center_2017_11_25_07_16_49_097.jpg,training_data/IMG/left_2017_11_25_07_16_49_097.jpg,training_data/IMG/right_2017_11_25_07_16_49_097.jpg,-0.05294118,1,0,30.1901
training_data/IMG/center_2017_11_25_07_16_49_206.jpg,training_data/IMG/left_2017_11_25_07_16_49_206.jpg,training_data/IMG/right_2017_11_25_07_16_49_206.jpg,-0.06470589,1,0,30.18999
training_data/IMG/center_2017_11_25_07_16_49_320.jpg,training_data/IMG/left_2017_11_25_07_16_49_320.jpg,training_data/IMG/right_2017_11_25_07_16_49_320.jpg,-0.06470589,1,0,30.19009
training_data/IMG/center_2017_11_25_07_16_49_432.jpg,training_data/IMG/left_2017_11_25_07_16_49_432.jpg,training_data/IMG/right_2017_11_25_07_16_49_432.jpg,-0.06470589,1,0,30.19016
training_data/IMG/center_2017_11_25_07_16_49_531.jpg,training_data/IMG/left_2017_11_25_07_16_49_531.jpg,training_data/IMG/right_2017_11_25_07_16_49_531.jpg,-0.06470589,1,0,30.19021
training_data/IMG/center_2017_11_25_07_16_49_630.jpg,training_data/IMG/left_2017_11_25_07_16_49_630.jpg,training_data/IMG/right_2017_11_25_07_16_49_630.jpg,-0.06470589,1,0,30.19019
training_data/IMG/center_2017_11_25_07_16_49_730.jpg,training_data/IMG/left_2017_11_25_07_16_49_730.jpg,training_data/IMG/right_2017_11_25_07_16_49_730.jpg,-0.06470589,1,0,30.19019
training_data/IMG/center_2017_11_25_07_16_49_830.jpg,training_data/IMG/left_2017_11_25_07_16_49_830.jpg,training_data/IMG/right_2017_11_25_07_16_49_830.jpg,-0.06470589,1,0,30.19019
training_data/IMG/center_2017_11_25_07_16_49_932.jpg,training_data/IMG/left_2017_11_25_07_16_49_932.jpg,training_data/IMG/right_2017_11_25_07_16_49_932.jpg,-0.06470589,1,0,30.19021
training_data/IMG/center_2017_11_25_07_16_50_035.jpg,training_data/IMG/left_2017_11_25_07_16_50_035.jpg,training_data/IMG/right_2017_11_25_07_16_50_035.jpg,-0.06470589,1,0,30.19018
training_data/IMG/center_2017_11_25_07_16_50_134.jpg,training_data/IMG/left_2017_11_25_07_16_50_134.jpg,training_data/IMG/right_2017_11_25_07_16_50_134.jpg,-0.06470589,1,0,30.1902
training_data/IMG/center_2017_11_25_07_16_50_227.jpg,training_data/IMG/left_2017_11_25_07_16_50_227.jpg,training_data/IMG/right_2017_11_25_07_16_50_227.jpg,-0.06470589,1,0,30.1902
training_data/IMG/center_2017_11_25_07_16_50_321.jpg,training_data/IMG/left_2017_11_25_07_16_50_321.jpg,training_data/IMG/right_2017_11_25_07_16_50_321.jpg,-0.06470589,1,0,30.19021
training_data/IMG/center_2017_11_25_07_16_50_411.jpg,training_data/IMG/left_2017_11_25_07_16_50_411.jpg,training_data/IMG/right_2017_11_25_07_16_50_411.jpg,-0.06470589,1,0,30.1902
training_data/IMG/center_2017_11_25_07_16_50_503.jpg,training_data/IMG/left_2017_11_25_07_16_50_503.jpg,training_data/IMG/right_2017_11_25_07_16_50_503.jpg,-0.06470589,1,0,30.19016
training_data/IMG/center_2017_11_25_07_16_50_597.jpg,training_data/IMG/left_2017_11_25_07_16_50_597.jpg,training_data/IMG/right_2017_11_25_07_16_50_597.jpg,-0.05882353,1,0,30.19029
training_data/IMG/center_2017_11_25_07_16_50_692.jpg,training_data/IMG/left_2017_11_25_07_16_50_692.jpg,training_data/IMG/right_2017_11_25_07_16_50_692.jpg,-0.05882353,1,0,30.19025
training_data/IMG/center_2017_11_25_07_16_50_790.jpg,training_data/IMG/left_2017_11_25_07_16_50_790.jpg,training_data/IMG/right_2017_11_25_07_16_50_790.jpg,-0.05882353,1,0,30.19025
training_data/IMG/center_2017_11_25_07_16_50_877.jpg,training_data/IMG/left_2017_11_25_07_16_50_877.jpg,training_data/IMG/right_2017_11_25_07_16_50_877.jpg,-0.05882353,1,0,30.19021
training_data/IMG/center_2017_11_25_07_16_50_957.jpg,training_data/IMG/left_2017_11_25_07_16_50_957.jpg,training_data/IMG/right_2017_11_25_07_16_50_957.jpg,-0.05294118,1,0,30.1903
training_data/IMG/center_2017_11_25_07_16_51_056.jpg,training_data/IMG/left_2017_11_25_07_16_51_056.jpg,training_data/IMG/right_2017_11_25_07_16_51_056.jpg,-0.04705882,1,0,30.1903
training_data/IMG/center_2017_11_25_07_16_51_152.jpg,training_data/IMG/left_2017_11_25_07_16_51_152.jpg,training_data/IMG/right_2017_11_25_07_16_51_152.jpg,-0.04705882,1,0,30.19029
training_data/IMG/center_2017_11_25_07_16_51_260.jpg,training_data/IMG/left_2017_11_25_07_16_51_260.jpg,training_data/IMG/right_2017_11_25_07_16_51_260.jpg,-0.02941176,1,0,30.19042
training_data/IMG/center_2017_11_25_07_16_51_370.jpg,training_data/IMG/left_2017_11_25_07_16_51_370.jpg,training_data/IMG/right_2017_11_25_07_16_51_370.jpg,-0.02352941,1,0,30.19036
training_data/IMG/center_2017_11_25_07_16_51_455.jpg,training_data/IMG/left_2017_11_25_07_16_51_455.jpg,training_data/IMG/right_2017_11_25_07_16_51_455.jpg,-0.02352941,1,0,30.1903
training_data/IMG/center_2017_11_25_07_16_51_544.jpg,training_data/IMG/left_2017_11_25_07_16_51_544.jpg,training_data/IMG/right_2017_11_25_07_16_51_544.jpg,-0.02352941,1,0,30.19024
training_data/IMG/center_2017_11_25_07_16_51_640.jpg,training_data/IMG/left_2017_11_25_07_16_51_640.jpg,training_data/IMG/right_2017_11_25_07_16_51_640.jpg,0,1,0,30.19026
training_data/IMG/center_2017_11_25_07_16_51_732.jpg,training_data/IMG/left_2017_11_25_07_16_51_732.jpg,training_data/IMG/right_2017_11_25_07_16_51_732.jpg,0.005882353,1,0,30.19034
training_data/IMG/center_2017_11_25_07_16_51_839.jpg,training_data/IMG/left_2017_11_25_07_16_51_839.jpg,training_data/IMG/right_2017_11_25_07_16_51_839.jpg,0.005882353,1,0,30.19027
training_data/IMG/center_2017_11_25_07_16_51_922.jpg,training_data/IMG/left_2017_11_25_07_16_51_922.jpg,training_data/IMG/right_2017_11_25_07_16_51_922.jpg,0.005882353,1,0,30.19029
training_data/IMG/center_2017_11_25_07_16_52_014.jpg,training_data/IMG/left_2017_11_25_07_16_52_014.jpg,training_data/IMG/right_2017_11_25_07_16_52_014.jpg,0.005882353,1,0,30.19028
training_data/IMG/center_2017_11_25_07_16_52_123.jpg,training_data/IMG/left_2017_11_25_07_16_52_123.jpg,training_data/IMG/right_2017_11_25_07_16_52_123.jpg,0.005882353,1,0,30.19029
training_data/IMG/center_2017_11_25_07_16_52_231.jpg,training_data/IMG/left_2017_11_25_07_16_52_231.jpg,training_data/IMG/right_2017_11_25_07_16_52_231.jpg,0.01176471,1,0,30.19027
training_data/IMG/center_2017_11_25_07_16_52_331.jpg,training_data/IMG/left_2017_11_25_07_16_52_331.jpg,training_data/IMG/right_2017_11_25_07_16_52_331.jpg,0.01176471,1,0,30.1903
training_data/IMG/center_2017_11_25_07_16_52_429.jpg,training_data/IMG/left_2017_11_25_07_16_52_429.jpg,training_data/IMG/right_2017_11_25_07_16_52_429.jpg,0.01176471,1,0,30.19027
training_data/IMG/center_2017_11_25_07_16_52_532.jpg,training_data/IMG/left_2017_11_25_07_16_52_532.jpg,training_data/IMG/right_2017_11_25_07_16_52_532.jpg,0.01176471,1,0,30.19029
training_data/IMG/center_2017_11_25_07_16_52_630.jpg,training_data/IMG/left_2017_11_25_07_16_52_630.jpg,training_data/IMG/right_2017_11_25_07_16_52_630.jpg,0.01176471,1,0,30.1903
training_data/IMG/center_2017_11_25_07_16_52_714.jpg,training_data/IMG/left_2017_11_25_07_16_52_714.jpg,training_data/IMG/right_2017_11_25_07_16_52_714.jpg,0.01176471,1,0,30.1903
training_data/IMG/center_2017_11_25_07_16_52_799.jpg,training_data/IMG/left_2017_11_25_07_16_52_799.jpg,training_data/IMG/right_2017_11_25_07_16_52_799.jpg,0.01176471,1,0,30.1903
training_data/IMG/center_2017_11_25_07_16_52_883.jpg,training_data/IMG/left_2017_11_25_07_16_52_883.jpg,training_data/IMG/right_2017_11_25_07_16_52_883.jpg,0.01764706,1,0,30.19029
training_data/IMG/center_2017_11_25_07_16_52_961.jpg,training_data/IMG/left_2017_11_25_07_16_52_961.jpg,training_data/IMG/right_2017_11_25_07_16_52_961.jpg,0.01764706,1,0,30.1903
training_data/IMG/center_2017_11_25_07_16_53_033.jpg,training_data/IMG/left_2017_11_25_07_16_53_033.jpg,training_data/IMG/right_2017_11_25_07_16_53_033.jpg,0.01764706,1,0,30.19027
training_data/IMG/center_2017_11_25_07_16_53_106.jpg,training_data/IMG/left_2017_11_25_07_16_53_106.jpg,training_data/IMG/right_2017_11_25_07_16_53_106.jpg,0.02352941,1,0,30.19026
training_data/IMG/center_2017_11_25_07_16_53_182.jpg,training_data/IMG/left_2017_11_25_07_16_53_182.jpg,training_data/IMG/right_2017_11_25_07_16_53_182.jpg,0.02941176,1,0,30.19025
training_data/IMG/center_2017_11_25_07_16_53_265.jpg,training_data/IMG/left_2017_11_25_07_16_53_265.jpg,training_data/IMG/right_2017_11_25_07_16_53_265.jpg,0.02941176,1,0,30.19022
training_data/IMG/center_2017_11_25_07_16_53_337.jpg,training_data/IMG/left_2017_11_25_07_16_53_337.jpg,training_data/IMG/right_2017_11_25_07_16_53_337.jpg,0.02941176,1,0,30.19027
training_data/IMG/center_2017_11_25_07_16_53_413.jpg,training_data/IMG/left_2017_11_25_07_16_53_413.jpg,training_data/IMG/right_2017_11_25_07_16_53_413.jpg,0.02941176,1,0,30.19026
training_data/IMG/center_2017_11_25_07_16_53_486.jpg,training_data/IMG/left_2017_11_25_07_16_53_486.jpg,training_data/IMG/right_2017_11_25_07_16_53_486.jpg,0.02941176,1,0,30.19029
training_data/IMG/center_2017_11_25_07_16_53_557.jpg,training_data/IMG/left_2017_11_25_07_16_53_557.jpg,training_data/IMG/right_2017_11_25_07_16_53_557.jpg,0.02941176,1,0,30.19027
training_data/IMG/center_2017_11_25_07_16_53_635.jpg,training_data/IMG/left_2017_11_25_07_16_53_635.jpg,training_data/IMG/right_2017_11_25_07_16_53_635.jpg,0.02941176,1,0,30.19027
training_data/IMG/center_2017_11_25_07_16_53_710.jpg,training_data/IMG/left_2017_11_25_07_16_53_710.jpg,training_data/IMG/right_2017_11_25_07_16_53_710.jpg,0.02941176,1,0,30.19027
training_data/IMG/center_2017_11_25_07_16_53_804.jpg,training_data/IMG/left_2017_11_25_07_16_53_804.jpg,training_data/IMG/right_2017_11_25_07_16_53_804.jpg,0.02941176,1,0,30.19019
training_data/IMG/center_2017_11_25_07_16_53_903.jpg,training_data/IMG/left_2017_11_25_07_16_53_903.jpg,training_data/IMG/right_2017_11_25_07_16_53_903.jpg,0.02941176,1,0,30.19027
training_data/IMG/center_2017_11_25_07_16_53_998.jpg,training_data/IMG/left_2017_11_25_07_16_53_998.jpg,training_data/IMG/right_2017_11_25_07_16_53_998.jpg,0.04117647,1,0,30.19018
training_data/IMG/center_2017_11_25_07_16_54_068.jpg,training_data/IMG/left_2017_11_25_07_16_54_068.jpg,training_data/IMG/right_2017_11_25_07_16_54_068.jpg,0.05294118,1,0,30.19
training_data/IMG/center_2017_11_25_07_16_54_168.jpg,training_data/IMG/left_2017_11_25_07_16_54_168.jpg,training_data/IMG/right_2017_11_25_07_16_54_168.jpg,0.05882353,1,0,30.19005
training_data/IMG/center_2017_11_25_07_16_54_244.jpg,training_data/IMG/left_2017_11_25_07_16_54_244.jpg,training_data/IMG/right_2017_11_25_07_16_54_244.jpg,0.05882353,1,0,30.19013
training_data/IMG/center_2017_11_25_07_16_54_318.jpg,training_data/IMG/left_2017_11_25_07_16_54_318.jpg,training_data/IMG/right_2017_11_25_07_16_54_318.jpg,0.07058824,1,0,30.18994
training_data/IMG/center_2017_11_25_07_16_54_412.jpg,training_data/IMG/left_2017_11_25_07_16_54_412.jpg,training_data/IMG/right_2017_11_25_07_16_54_412.jpg,0.07058824,1,0,30.19016
training_data/IMG/center_2017_11_25_07_16_54_505.jpg,training_data/IMG/left_2017_11_25_07_16_54_505.jpg,training_data/IMG/right_2017_11_25_07_16_54_505.jpg,0.08235294,1,0,30.18995
training_data/IMG/center_2017_11_25_07_16_54_576.jpg,training_data/IMG/left_2017_11_25_07_16_54_576.jpg,training_data/IMG/right_2017_11_25_07_16_54_576.jpg,0.08235294,1,0,30.19002
training_data/IMG/center_2017_11_25_07_16_54_679.jpg,training_data/IMG/left_2017_11_25_07_16_54_679.jpg,training_data/IMG/right_2017_11_25_07_16_54_679.jpg,0.08235294,1,0,30.19006
training_data/IMG/center_2017_11_25_07_18_12_533.jpg,training_data/IMG/left_2017_11_25_07_18_12_533.jpg,training_data/IMG/right_2017_11_25_07_18_12_533.jpg,-0.06470589,1,0,30.1909
training_data/IMG/center_2017_11_25_07_18_12_614.jpg,training_data/IMG/left_2017_11_25_07_18_12_614.jpg,training_data/IMG/right_2017_11_25_07_18_12_614.jpg,-0.06470589,1,0,30.19076
training_data/IMG/center_2017_11_25_07_18_12_695.jpg,training_data/IMG/left_2017_11_25_07_18_12_695.jpg,training_data/IMG/right_2017_11_25_07_18_12_695.jpg,-0.06470589,1,0,30.19057
training_data/IMG/center_2017_11_25_07_18_12_777.jpg,training_data/IMG/left_2017_11_25_07_18_12_777.jpg,training_data/IMG/right_2017_11_25_07_18_12_777.jpg,-0.06470589,1,0,30.1906
training_data/IMG/center_2017_11_25_07_18_12_859.jpg,training_data/IMG/left_2017_11_25_07_18_12_859.jpg,training_data/IMG/right_2017_11_25_07_18_12_859.jpg,-0.06470589,1,0,30.19032
training_data/IMG/center_2017_11_25_07_18_12_964.jpg,training_data/IMG/left_2017_11_25_07_18_12_964.jpg,training_data/IMG/right_2017_11_25_07_18_12_964.jpg,-0.06470589,1,0,30.19027
training_data/IMG/center_2017_11_25_07_18_13_063.jpg,training_data/IMG/left_2017_11_25_07_18_13_063.jpg,training_data/IMG/right_2017_11_25_07_18_13_063.jpg,-0.05882353,1,0,30.19031
training_data/IMG/center_2017_11_25_07_18_13_160.jpg,training_data/IMG/left_2017_11_25_07_18_13_160.jpg,training_data/IMG/right_2017_11_25_07_18_13_160.jpg,-0.05882353,1,0,30.19035
training_data/IMG/center_2017_11_25_07_18_13_263.jpg,training_data/IMG/left_2017_11_25_07_18_13_263.jpg,training_data/IMG/right_2017_11_25_07_18_13_263.jpg,-0.05882353,1,0,30.19025
training_data/IMG/center_2017_11_25_07_18_13_357.jpg,training_data/IMG/left_2017_11_25_07_18_13_357.jpg,training_data/IMG/right_2017_11_25_07_18_13_357.jpg,-0.05882353,1,0,30.19025
training_data/IMG/center_2017_11_25_07_18_13_460.jpg,training_data/IMG/left_2017_11_25_07_18_13_460.jpg,training_data/IMG/right_2017_11_25_07_18_13_460.jpg,-0.05882353,1,0,30.19022
training_data/IMG/center_2017_11_25_07_18_13_562.jpg,training_data/IMG/left_2017_11_25_07_18_13_562.jpg,training_data/IMG/right_2017_11_25_07_18_13_562.jpg,-0.05882353,1,0,30.19025
training_data/IMG/center_2017_11_25_07_18_13_660.jpg,training_data/IMG/left_2017_11_25_07_18_13_660.jpg,training_data/IMG/right_2017_11_25_07_18_13_660.jpg,-0.05882353,1,0,30.19021
training_data/IMG/center_2017_11_25_07_18_13_758.jpg,training_data/IMG/left_2017_11_25_07_18_13_758.jpg,training_data/IMG/right_2017_11_25_07_18_13_758.jpg,-0.05882353,1,0,30.19022
training_data/IMG/center_2017_11_25_07_18_13_856.jpg,training_data/IMG/left_2017_11_25_07_18_13_856.jpg,training_data/IMG/right_2017_11_25_07_18_13_856.jpg,-0.05882353,1,0,30.19023
training_data/IMG/center_2017_11_25_07_18_13_950.jpg,training_data/IMG/left_2017_11_25_07_18_13_950.jpg,training_data/IMG/right_2017_11_25_07_18_13_950.jpg,-0.05882353,1,0,30.1902
training_data/IMG/center_2017_11_25_07_18_14_052.jpg,training_data/IMG/left_2017_11_25_07_18_14_052.jpg,training_data/IMG/right_2017_11_25_07_18_14_052.jpg,-0.05882353,1,0,30.19022
training_data/IMG/center_2017_11_25_07_18_14_160.jpg,training_data/IMG/left_2017_11_25_07_18_14_160.jpg,training_data/IMG/right_2017_11_25_07_18_14_160.jpg,-0.05882353,1,0,30.1902
training_data/IMG/center_2017_11_25_07_18_14_278.jpg,training_data/IMG/left_2017_11_25_07_18_14_278.jpg,training_data/IMG/right_2017_11_25_07_18_14_278.jpg,-0.05882353,1,0,30.19021
training_data/IMG/center_2017_11_25_07_18_14_372.jpg,training_data/IMG/left_2017_11_25_07_18_14_372.jpg,training_data/IMG/right_2017_11_25_07_18_14_372.jpg,-0.05882353,1,0,30.19021
training_data/IMG/center_2017_11_25_07_18_14_481.jpg,training_data/IMG/left_2017_11_25_07_18_14_481.jpg,training_data/IMG/right_2017_11_25_07_18_14_481.jpg,-0.05882353,1,0,30.19021
training_data/IMG/center_2017_11_25_07_18_14_586.jpg,training_data/IMG/left_2017_11_25_07_18_14_586.jpg,training_data/IMG/right_2017_11_25_07_18_14_586.jpg,-0.05882353,1,0,30.19024
training_data/IMG/center_2017_11_25_07_18_14_697.jpg,training_data/IMG/left_2017_11_25_07_18_14_697.jpg,training_data/IMG/right_2017_11_25_07_18_14_697.jpg,-0.05882353,1,0,30.19022
training_data/IMG/center_2017_11_25_07_18_14_800.jpg,training_data/IMG/left_2017_11_25_07_18_14_800.jpg,training_data/IMG/right_2017_11_25_07_18_14_800.jpg,-0.05882353,1,0,30.1902
training_data/IMG/center_2017_11_25_07_18_14_883.jpg,training_data/IMG/left_2017_11_25_07_18_14_883.jpg,training_data/IMG/right_2017_11_25_07_18_14_883.jpg,-0.05882353,1,0,30.19024
training_data/IMG/center_2017_11_25_07_18_14_969.jpg,training_data/IMG/left_2017_11_25_07_18_14_969.jpg,training_data/IMG/right_2017_11_25_07_18_14_969.jpg,-0.05882353,1,0,30.1902
training_data/IMG/center_2017_11_25_07_18_15_057.jpg,training_data/IMG/left_2017_11_25_07_18_15_057.jpg,training_data/IMG/right_2017_11_25_07_18_15_057.jpg,-0.05294118,1,0,30.19028
training_data/IMG/center_2017_11_25_07_18_15_134.jpg,training_data/IMG/left_2017_11_25_07_18_15_134.jpg,training_data/IMG/right_2017_11_25_07_18_15_134.jpg,-0.04117647,1,0,30.19034
training_data/IMG/center_2017_11_25_07_18_15_213.jpg,training_data/IMG/left_2017_11_25_07_18_15_213.jpg,training_data/IMG/right_2017_11_25_07_18_15_213.jpg,-0.02941176,1,0,30.19044
training_data/IMG/center_2017_11_25_07_18_15_295.jpg,training_data/IMG/left_2017_11_25_07_18_15_295.jpg,training_data/IMG/right_2017_11_25_07_18_15_295.jpg,-0.02941176,1,0,30.19035
training_data/IMG/center_2017_11_25_07_18_15_387.jpg,training_data/IMG/left_2017_11_25_07_18_15_387.jpg,training_data/IMG/right_2017_11_25_07_18_15_387.jpg,-0.02941176,1,0,30.19032
training_data/IMG/center_2017_11_25_07_18_15_490.jpg,training_data/IMG/left_2017_11_25_07_18_15_490.jpg,training_data/IMG/right_2017_11_25_07_18_15_490.jpg,-0.02352941,1,0,30.19033
training_data/IMG/center_2017_11_25_07_18_15_569.jpg,training_data/IMG/left_2017_11_25_07_18_15_569.jpg,training_data/IMG/right_2017_11_25_07_18_15_569.jpg,-0.02352941,1,0,30.19031
training_data/IMG/center_2017_11_25_07_18_15_674.jpg,training_data/IMG/left_2017_11_25_07_18_15_674.jpg,training_data/IMG/right_2017_11_25_07_18_15_674.jpg,-0.02352941,1,0,30.19028
training_data/IMG/center_2017_11_25_07_18_15_776.jpg,training_data/IMG/left_2017_11_25_07_18_15_776.jpg,training_data/IMG/right_2017_11_25_07_18_15_776.jpg,-0.01764706,1,0,30.1903
training_data/IMG/center_2017_11_25_07_18_15_868.jpg,training_data/IMG/left_2017_11_25_07_18_15_868.jpg,training_data/IMG/right_2017_11_25_07_18_15_868.jpg,-0.01764706,1,0,30.1903
training_data/IMG/center_2017_11_25_07_18_15_962.jpg,training_data/IMG/left_2017_11_25_07_18_15_962.jpg,training_data/IMG/right_2017_11_25_07_18_15_962.jpg,-0.01764706,1,0,30.19021
training_data/IMG/center_2017_11_25_07_18_16_055.jpg,training_data/IMG/left_2017_11_25_07_18_16_055.jpg,training_data/IMG/right_2017_11_25_07_18_16_055.jpg,-0.01764706,1,0,30.19029
training_data/IMG/center_2017_11_25_07_18_16_149.jpg,training_data/IMG/left_2017_11_25_07_18_16_149.jpg,training_data/IMG/right_2017_11_25_07_18_16_149.jpg,0,1,0,30.19028
training_data/IMG/center_2017_11_25_07_18_16_240.jpg,training_data/IMG/left_2017_11_25_07_18_16_240.jpg,training_data/IMG/right_2017_11_25_07_18_16_240.jpg,0.02352941,1,0,30.19015
training_data/IMG/center_2017_11_25_07_18_16_333.jpg,training_data/IMG/left_2017_11_25_07_18_16_333.jpg,training_data/IMG/right_2017_11_25_07_18_16_333.jpg,0.02941176,1,0,30.19016
training_data/IMG/center_2017_11_25_07_18_16_425.jpg,training_data/IMG/left_2017_11_25_07_18_16_425.jpg,training_data/IMG/right_2017_11_25_07_18_16_425.jpg,0.02941176,1,0,30.19023
training_data/IMG/center_2017_11_25_07_18_16_514.jpg,training_data/IMG/left_2017_11_25_07_18_16_514.jpg,training_data/IMG/right_2017_11_25_07_18_16_514.jpg,0.02941176,1,0,30.19019
training_data/IMG/center_2017_11_25_07_18_16_605.jpg,training_data/IMG/left_2017_11_25_07_18_16_605.jpg,training_data/IMG/right_2017_11_25_07_18_16_605.jpg,0.02941176,1,0,30.19026
training_data/IMG/center_2017_11_25_07_18_16_694.jpg,training_data/IMG/left_2017_11_25_07_18_16_694.jpg,training_data/IMG/right_2017_11_25_07_18_16_694.jpg,0.02941176,1,0,30.19028
training_data/IMG/center_2017_11_25_07_18_16_778.jpg,training_data/IMG/left_2017_11_25_07_18_16_778.jpg,training_data/IMG/right_2017_11_25_07_18_16_778.jpg,0.02941176,1,0,30.19025
training_data/IMG/center_2017_11_25_07_18_16_866.jpg,training_data/IMG/left_2017_11_25_07_18_16_866.jpg,training_data/IMG/right_2017_11_25_07_18_16_866.jpg,0.02941176,1,0,30.19024
training_data/IMG/center_2017_11_25_07_18_16_955.jpg,training_data/IMG/left_2017_11_25_07_18_16_955.jpg,training_data/IMG/right_2017_11_25_07_18_16_955.jpg,0.01764706,1,0,30.19034
training_data/IMG/center_2017_11_25_07_18_17_028.jpg,training_data/IMG/left_2017_11_25_07_18_17_028.jpg,training_data/IMG/right_2017_11_25_07_18_17_028.jpg,0.005882353,1,0,30.19032
training_data/IMG/center_2017_11_25_07_18_17_103.jpg,training_data/IMG/left_2017_11_25_07_18_17_103.jpg,training_data/IMG/right_2017_11_25_07_18_17_103.jpg,0.005882353,1,0,30.19032
training_data/IMG/center_2017_11_25_07_18_17_171.jpg,training_data/IMG/left_2017_11_25_07_18_17_171.jpg,training_data/IMG/right_2017_11_25_07_18_17_171.jpg,0.005882353,1,0,30.1903
training_data/IMG/center_2017_11_25_07_18_17_271.jpg,training_data/IMG/left_2017_11_25_07_18_17_271.jpg,training_data/IMG/right_2017_11_25_07_18_17_271.jpg,0,1,0,30.19032
training_data/IMG/center_2017_11_25_07_18_17_346.jpg,training_data/IMG/left_2017_11_25_07_18_17_346.jpg,training_data/IMG/right_2017_11_25_07_18_17_346.jpg,-0.005882353,1,0,30.19028
training_data/IMG/center_2017_11_25_07_18_17_419.jpg,training_data/IMG/left_2017_11_25_07_18_17_419.jpg,training_data/IMG/right_2017_11_25_07_18_17_419.jpg,-0.005882353,1,0,30.19028
training_data/IMG/center_2017_11_25_07_18_17_496.jpg,training_data/IMG/left_2017_11_25_07_18_17_496.jpg,training_data/IMG/right_2017_11_25_07_18_17_496.jpg,-0.005882353,1,0,30.1903
training_data/IMG/center_2017_11_25_07_18_17_566.jpg,training_data/IMG/left_2017_11_25_07_18_17_566.jpg,training_data/IMG/right_2017_11_25_07_18_17_566.jpg,-0.005882353,1,0,30.19027
training_data/IMG/center_2017_11_25_07_18_17_637.jpg,training_data/IMG/left_2017_11_25_07_18_17_637.jpg,training_data/IMG/right_2017_11_25_07_18_17_637.jpg,-0.005882353,1,0,30.19029
training_data/IMG/center_2017_11_25_07_18_17_737.jpg,training_data/IMG/left_2017_11_25_07_18_17_737.jpg,training_data/IMG/right_2017_11_25_07_18_17_737.jpg,-0.005882353,1,0,30.19028
training_data/IMG/center_2017_11_25_07_18_17_805.jpg,training_data/IMG/left_2017_11_25_07_18_17_805.jpg,training_data/IMG/right_2017_11_25_07_18_17_805.jpg,-0.005882353,1,0,30.19029
training_data/IMG/center_2017_11_25_07_18_17_875.jpg,training_data/IMG/left_2017_11_25_07_18_17_875.jpg,training_data/IMG/right_2017_11_25_07_18_17_875.jpg,-0.005882353,1,0,30.19032
training_data/IMG/center_2017_11_25_07_18_17_949.jpg,training_data/IMG/left_2017_11_25_07_18_17_949.jpg,training_data/IMG/right_2017_11_25_07_18_17_949.jpg,-0.005882353,1,0,30.19029
training_data/IMG/center_2017_11_25_07_18_18_019.jpg,training_data/IMG/left_2017_11_25_07_18_18_019.jpg,training_data/IMG/right_2017_11_25_07_18_18_019.jpg,-0.005882353,1,0,30.19027
training_data/IMG/center_2017_11_25_07_18_18_105.jpg,training_data/IMG/left_2017_11_25_07_18_18_105.jpg,training_data/IMG/right_2017_11_25_07_18_18_105.jpg,-0.005882353,1,0,30.19027
training_data/IMG/center_2017_11_25_07_18_18_180.jpg,training_data/IMG/left_2017_11_25_07_18_18_180.jpg,training_data/IMG/right_2017_11_25_07_18_18_180.jpg,-0.005882353,1,0,30.19031
training_data/IMG/center_2017_11_25_07_18_18_254.jpg,training_data/IMG/left_2017_11_25_07_18_18_254.jpg,training_data/IMG/right_2017_11_25_07_18_18_254.jpg,0,1,0,30.19048
training_data/IMG/center_2017_11_25_07_18_18_323.jpg,training_data/IMG/left_2017_11_25_07_18_18_323.jpg,training_data/IMG/right_2017_11_25_07_18_18_323.jpg,0,1,0,30.19031
training_data/IMG/center_2017_11_25_07_18_18_418.jpg,training_data/IMG/left_2017_11_25_07_18_18_418.jpg,training_data/IMG/right_2017_11_25_07_18_18_418.jpg,0.005882353,1,0,30.19028
training_data/IMG/center_2017_11_25_07_18_18_487.jpg,training_data/IMG/left_2017_11_25_07_18_18_487.jpg,training_data/IMG/right_2017_11_25_07_18_18_487.jpg,0.01764706,1,0,30.19023
training_data/IMG/center_2017_11_25_07_18_18_555.jpg,training_data/IMG/left_2017_11_25_07_18_18_555.jpg,training_data/IMG/right_2017_11_25_07_18_18_555.jpg,0.01764706,1,0,30.19026
training_data/IMG/center_2017_11_25_07_18_18_632.jpg,training_data/IMG/left_2017_11_25_07_18_18_632.jpg,training_data/IMG/right_2017_11_25_07_18_18_632.jpg,0.01764706,1,0,30.19015
training_data/IMG/center_2017_11_25_07_18_18_699.jpg,training_data/IMG/left_2017_11_25_07_18_18_699.jpg,training_data/IMG/right_2017_11_25_07_18_18_699.jpg,0.03529412,1,0,30.19012
training_data/IMG/center_2017_11_25_07_18_18_795.jpg,training_data/IMG/left_2017_11_25_07_18_18_795.jpg,training_data/IMG/right_2017_11_25_07_18_18_795.jpg,0.06470589,1,0,30.18958
training_data/IMG/center_2017_11_25_07_18_18_866.jpg,training_data/IMG/left_2017_11_25_07_18_18_866.jpg,training_data/IMG/right_2017_11_25_07_18_18_866.jpg,0.07058824,1,0,30.1897
training_data/IMG/center_2017_11_25_07_18_18_960.jpg,training_data/IMG/left_2017_11_25_07_18_18_960.jpg,training_data/IMG/right_2017_11_25_07_18_18_960.jpg,0.07647059,1,0,30.18983
training_data/IMG/center_2017_11_25_07_19_37_332.jpg,training_data/IMG/left_2017_11_25_07_19_37_332.jpg,training_data/IMG/right_2017_11_25_07_19_37_332.jpg,-0.05294118,1,0,30.19068
training_data/IMG/center_2017_11_25_07_19_37_438.jpg,training_data/IMG/left_2017_11_25_07_19_37_438.jpg,training_data/IMG/right_2017_11_25_07_19_37_438.jpg,-0.03529412,1,0,30.19056
training_data/IMG/center_2017_11_25_07_19_37_543.jpg,training_data/IMG/left_2017_11_25_07_19_37_543.jpg,training_data/IMG/right_2017_11_25_07_19_37_543.jpg,-0.005882353,1,0,30.19032
training_data/IMG/center_2017_11_25_07_19_37_641.jpg,training_data/IMG/left_2017_11_25_07_19_37_641.jpg,training_data/IMG/right_2017_11_25_07_19_37_641.jpg,0.01764706,1,0,30.19009
training_data/IMG/center_2017_11_25_07_19_37_743.jpg,training_data/IMG/left_2017_11_25_07_19_37_743.jpg,training_data/IMG/right_2017_11_25_07_19_37_743.jpg,0.03529412,1,0,30.19004
training_data/IMG/center_2017_11_25_07_19_37_840.jpg,training_data/IMG/left_2017_11_25_07_19_37_840.jpg,training_data/IMG/right_2017_11_25_07_19_37_840.jpg,0.04705882,1,0,30.18994
training_data/IMG/center_2017_11_25_07_19_37_927.jpg,training_data/IMG/left_2017_11_25_07_19_37_927.jpg,training_data/IMG/right_2017_11_25_07_19_37_927.jpg,0.04705882,1,0,30.19012
training_data/IMG/center_2017_11_25_07_19_38_024.jpg,training_data/IMG/left_2017_11_25_07_19_38_024.jpg,training_data/IMG/right_2017_11_25_07_19_38_024.jpg,0.03529412,1,0,30.19024
training_data/IMG/center_2017_11_25_07_19_38_126.jpg,training_data/IMG/left_2017_11_25_07_19_38_126.jpg,training_data/IMG/right_2017_11_25_07_19_38_126.jpg,-0.03529412,1,0,30.18979
training_data/IMG/center_2017_11_25_07_19_38_224.jpg,training_data/IMG/left_2017_11_25_07_19_38_224.jpg,training_data/IMG/right_2017_11_25_07_19_38_224.jpg,-0.08235294,1,0,30.18899
training_data/IMG/center_2017_11_25_07_19_38_318.jpg,training_data/IMG/left_2017_11_25_07_19_38_318.jpg,training_data/IMG/right_2017_11_25_07_19_38_318.jpg,-0.09411765,1,0,30.18917
training_data/IMG/center_2017_11_25_07_19_38_418.jpg,training_data/IMG/left_2017_11_25_07_19_38_418.jpg,training_data/IMG/right_2017_11_25_07_19_38_418.jpg,-0.09411765,1,0,30.18967
training_data/IMG/center_2017_11_25_07_19_38_512.jpg,training_data/IMG/left_2017_11_25_07_19_38_512.jpg,training_data/IMG/right_2017_11_25_07_19_38_512.jpg,-0.09411765,1,0,30.1899
training_data/IMG/center_2017_11_25_07_19_38_600.jpg,training_data/IMG/left_2017_11_25_07_19_38_600.jpg,training_data/IMG/right_2017_11_25_07_19_38_600.jpg,-0.09411765,1,0,30.18996
training_data/IMG/center_2017_11_25_07_19_38_698.jpg,training_data/IMG/left_2017_11_25_07_19_38_698.jpg,training_data/IMG/right_2017_11_25_07_19_38_698.jpg,-0.09411765,1,0,30.19012
training_data/IMG/center_2017_11_25_07_19_38_795.jpg,training_data/IMG/left_2017_11_25_07_19_38_795.jpg,training_data/IMG/right_2017_11_25_07_19_38_795.jpg,-0.09411765,1,0,30.19009
training_data/IMG/center_2017_11_25_07_19_38_894.jpg,training_data/IMG/left_2017_11_25_07_19_38_894.jpg,training_data/IMG/right_2017_11_25_07_19_38_894.jpg,-0.05294118,1,0,30.19055
training_data/IMG/center_2017_11_25_07_19_38_989.jpg,training_data/IMG/left_2017_11_25_07_19_38_989.jpg,training_data/IMG/right_2017_11_25_07_19_38_989.jpg,-0.01176471,1,0,30.19037
training_data/IMG/center_2017_11_25_07_19_39_057.jpg,training_data/IMG/left_2017_11_25_07_19_39_057.jpg,training_data/IMG/right_2017_11_25_07_19_39_057.jpg,0,1,0,30.19026
training_data/IMG/center_2017_11_25_07_19_39_154.jpg,training_data/IMG/left_2017_11_25_07_19_39_154.jpg,training_data/IMG/right_2017_11_25_07_19_39_154.jpg,0,1,0,30.19029
training_data/IMG/center_2017_11_25_07_19_39_248.jpg,training_data/IMG/left_2017_11_25_07_19_39_248.jpg,training_data/IMG/right_2017_11_25_07_19_39_248.jpg,0,1,0,30.19031
training_data/IMG/center_2017_11_25_07_19_39_337.jpg,training_data/IMG/left_2017_11_25_07_19_39_337.jpg,training_data/IMG/right_2017_11_25_07_19_39_337.jpg,0,1,0,30.19031
training_data/IMG/center_2017_11_25_07_19_39_411.jpg,training_data/IMG/left_2017_11_25_07_19_39_411.jpg,training_data/IMG/right_2017_11_25_07_19_39_411.jpg,0,1,0,30.19028
training_data/IMG/center_2017_11_25_07_19_39_507.jpg,training_data/IMG/left_2017_11_25_07_19_39_507.jpg,training_data/IMG/right_2017_11_25_07_19_39_507.jpg,-0.005882353,1,0,30.19027
training_data/IMG/center_2017_11_25_07_19_39_606.jpg,training_data/IMG/left_2017_11_25_07_19_39_606.jpg,training_data/IMG/right_2017_11_25_07_19_39_606.jpg,-0.005882353,1,0,30.19029
training_data/IMG/center_2017_11_25_07_19_39_696.jpg,training_data/IMG/left_2017_11_25_07_19_39_696.jpg,training_data/IMG/right_2017_11_25_07_19_39_696.jpg,-0.005882353,1,0,30.19023
training_data/IMG/center_2017_11_25_07_19_39_779.jpg,training_data/IMG/left_2017_11_25_07_19_39_779.jpg,training_data/IMG/right_2017_11_25_07_19_39_779.jpg,-0.005882353,1,0,30.19028
training_data/IMG/center_2017_11_25_07_19_39_863.jpg,training_data/IMG/left_2017_11_25_07_19_39_863.jpg,training_data/IMG/right_2017_11_25_07_19_39_863.jpg,-0.005882353,1,0,30.19029
training_data/IMG/center_2017_11_25_07_19_39_948.jpg,training_data/IMG/left_2017_11_25_07_19_39_948.jpg,training_data/IMG/right_2017_11_25_07_19_39_948.jpg,-0.005882353,1,0,30.19029
training_data/IMG/center_2017_11_25_07_19_40_030.jpg,training_data/IMG/left_2017_11_25_07_19_40_030.jpg,training_data/IMG/right_2017_11_25_07_19_40_030.jpg,-0.005882353,1,0,30.19029
training_data/IMG/center_2017_11_25_07_19_40_102.jpg,training_data/IMG/left_2017_11_25_07_19_40_102.jpg,training_data/IMG/right_2017_11_25_07_19_40_102.jpg,-0.01176471,1,0,30.19029
training_data/IMG/center_2017_11_25_07_19_40_181.jpg,training_data/IMG/left_2017_11_25_07_19_40_181.jpg,training_data/IMG/right_2017_11_25_07_19_40_181.jpg,-0.01764706,1,0,30.19025
training_data/IMG/center_2017_11_25_07_19_40_280.jpg,training_data/IMG/left_2017_11_25_07_19_40_280.jpg,training_data/IMG/right_2017_11_25_07_19_40_280.jpg,-0.02352941,1,0,30.19024
training_data/IMG/center_2017_11_25_07_19_40_379.jpg,training_data/IMG/left_2017_11_25_07_19_40_379.jpg,training_data/IMG/right_2017_11_25_07_19_40_379.jpg,-0.02352941,1,0,30.19026
training_data/IMG/center_2017_11_25_07_19_40_468.jpg,training_data/IMG/left_2017_11_25_07_19_40_468.jpg,training_data/IMG/right_2017_11_25_07_19_40_468.jpg,-0.02352941,1,0,30.19027
training_data/IMG/center_2017_11_25_07_19_40_551.jpg,training_data/IMG/left_2017_11_25_07_19_40_551.jpg,training_data/IMG/right_2017_11_25_07_19_40_551.jpg,-0.02352941,1,0,30.19024
training_data/IMG/center_2017_11_25_07_19_40_646.jpg,training_data/IMG/left_2017_11_25_07_19_40_646.jpg,training_data/IMG/right_2017_11_25_07_19_40_646.jpg,-0.02352941,1,0,30.19029
training_data/IMG/center_2017_11_25_07_19_40_723.jpg,training_data/IMG/left_2017_11_25_07_19_40_723.jpg,training_data/IMG/right_2017_11_25_07_19_40_723.jpg,-0.02352941,1,0,30.19029
training_data/IMG/center_2017_11_25_07_19_40_815.jpg,training_data/IMG/left_2017_11_25_07_19_40_815.jpg,training_data/IMG/right_2017_11_25_07_19_40_815.jpg,-0.02352941,1,0,30.1903
training_data/IMG/center_2017_11_25_07_19_40_905.jpg,training_data/IMG/left_2017_11_25_07_19_40_905.jpg,training_data/IMG/right_2017_11_25_07_19_40_905.jpg,-0.01764706,1,0,30.1903
training_data/IMG/center_2017_11_25_07_19_41_004.jpg,training_data/IMG/left_2017_11_25_07_19_41_004.jpg,training_data/IMG/right_2017_11_25_07_19_41_004.jpg,-0.005882353,1,0,30.19033
training_data/IMG/center_2017_11_25_07_19_41_101.jpg,training_data/IMG/left_2017_11_25_07_19_41_101.jpg,training_data/IMG/right_2017_11_25_07_19_41_101.jpg,-0.005882353,1,0,30.19032
training_data/IMG/center_2017_11_25_07_19_41_185.jpg,training_data/IMG/left_2017_11_25_07_19_41_185.jpg,training_data/IMG/right_2017_11_25_07_19_41_185.jpg,-0.01176471,1,0,30.19029
training_data/IMG/center_2017_11_25_07_19_41_271.jpg,training_data/IMG/left_2017_11_25_07_19_41_271.jpg,training_data/IMG/right_2017_11_25_07_19_41_271.jpg,-0.01176471,1,0,30.19029
training_data/IMG/center_2017_11_25_07_19_41_350.jpg,training_data/IMG/left_2017_11_25_07_19_41_350.jpg,training_data/IMG/right_2017_11_25_07_19_41_350.jpg,-0.01176471,1,0,30.19031
training_data/IMG/center_2017_11_25_07_19_41_432.jpg,training_data/IMG/left_2017_11_25_07_19_41_432.jpg,training_data/IMG/right_2017_11_25_07_19_41_432.jpg,-0.01176471,1,0,30.1903
training_data/IMG/center_2017_11_25_07_19_41_507.jpg,training_data/IMG/left_2017_11_25_07_19_41_507.jpg,training_data/IMG/right_2017_11_25_07_19_41_507.jpg,-0.01176471,1,0,30.19028
training_data/IMG/center_2017_11_25_07_19_41_582.jpg,training_data/IMG/left_2017_11_25_07_19_41_582.jpg,training_data/IMG/right_2017_11_25_07_19_41_582.jpg,-0.01176471,1,0,30.1903
training_data/IMG/center_2017_11_25_07_19_41_656.jpg,training_data/IMG/left_2017_11_25_07_19_41_656.jpg,training_data/IMG/right_2017_11_25_07_19_41_656.jpg,-0.01176471,1,0,30.19029
training_data/IMG/center_2017_11_25_07_19_41_734.jpg,training_data/IMG/left_2017_11_25_07_19_41_734.jpg,training_data/IMG/right_2017_11_25_07_19_41_734.jpg,-0.01176471,1,0,30.19029
training_data/IMG/center_2017_11_25_07_19_41_814.jpg,training_data/IMG/left_2017_11_25_07_19_41_814.jpg,training_data/IMG/right_2017_11_25_07_19_41_814.jpg,-0.01176471,1,0,30.19029
training_data/IMG/center_2017_11_25_07_19_41_887.jpg,training_data/IMG/left_2017_11_25_07_19_41_887.jpg,training_data/IMG/right_2017_11_25_07_19_41_887.jpg,-0.01176471,1,0,30.19026
training_data/IMG/center_2017_11_25_07_19_41_959.jpg,training_data/IMG/left_2017_11_25_07_19_41_959.jpg,training_data/IMG/right_2017_11_25_07_19_41_959.jpg,-0.01176471,1,0,30.19027
training_data/IMG/center_2017_11_25_07_19_42_034.jpg,training_data/IMG/left_2017_11_25_07_19_42_034.jpg,training_data/IMG/right_2017_11_25_07_19_42_034.jpg,-0.005882353,1,0,30.19029
training_data/IMG/center_2017_11_25_07_19_42_106.jpg,training_data/IMG/left_2017_11_25_07_19_42_106.jpg,training_data/IMG/right_2017_11_25_07_19_42_106.jpg,0,1,0,30.1903
training_data/IMG/center_2017_11_25_07_19_42_178.jpg,training_data/IMG/left_2017_11_25_07_19_42_178.jpg,training_data/IMG/right_2017_11_25_07_19_42_178.jpg,0,1,0,30.1903
training_data/IMG/center_2017_11_25_07_19_42_250.jpg,training_data/IMG/left_2017_11_25_07_19_42_250.jpg,training_data/IMG/right_2017_11_25_07_19_42_250.jpg,0.01176471,1,0,30.19021
training_data/IMG/center_2017_11_25_07_19_42_320.jpg,training_data/IMG/left_2017_11_25_07_19_42_320.jpg,training_data/IMG/right_2017_11_25_07_19_42_320.jpg,0.01764706,1,0,30.1902
training_data/IMG/center_2017_11_25_07_19_42_405.jpg,training_data/IMG/left_2017_11_25_07_19_42_405.jpg,training_data/IMG/right_2017_11_25_07_19_42_405.jpg,0.03529412,1,0,30.19006
training_data/IMG/center_2017_11_25_07_19_42_475.jpg,training_data/IMG/left_2017_11_25_07_19_42_475.jpg,training_data/IMG/right_2017_11_25_07_19_42_475.jpg,0.05882353,1,0,30.18956
training_data/IMG/center_2017_11_25_07_19_42_543.jpg,training_data/IMG/left_2017_11_25_07_19_42_543.jpg,training_data/IMG/right_2017_11_25_07_19_42_543.jpg,0.07058824,1,0,30.18969
